index,at_second,beyblade_0_box,beyblade_1_box,beyblade_0_pixel_diff,beyblade_1_pixel_diff
74,1.2333333333333334,"(348, 420, 641, 587)",,,
75,1.25,"(413, 420, 703, 620)","(1098, 997, 1382, 1235)",,
76,1.2666666666666666,"(486, 423, 752, 644)","(1044, 1007, 1318, 1252)",3031.0,7816.0
77,1.2833333333333334,"(552, 474, 809, 685)","(982, 1015, 1255, 1260)",3068.0,7247.0
78,1.3,"(620, 525, 857, 720)","(918, 1009, 1191, 1259)",3177.0,5536.0
79,1.3166666666666667,"(674, 552, 899, 738)","(856, 1007, 1137, 1259)",3389.0,6556.0
80,1.3333333333333333,"(710, 556, 933, 744)","(792, 1008, 1074, 1263)",3406.0,7878.0
81,1.35,"(740, 558, 965, 747)","(724, 1017, 1011, 1276)",3349.0,8639.0
82,1.3666666666666667,"(769, 558, 992, 747)","(664, 1032, 952, 1295)",2478.0,8862.0
83,1.3833333333333333,"(795, 560, 1024, 757)","(600, 1055, 896, 1316)",4194.0,8856.0
84,1.4,"(826, 569, 1056, 773)","(546, 1084, 821, 1344)",4185.0,8632.0
85,1.4166666666666667,"(857, 587, 1087, 793)","(495, 1098, 768, 1347)",4870.0,8238.0
86,1.4333333333333333,"(885, 613, 1115, 812)","(447, 1096, 712, 1344)",5484.0,8425.0
87,1.45,"(912, 625, 1140, 829)","(392, 1092, 663, 1338)",5306.0,8928.0
88,1.4666666666666666,"(935, 637, 1168, 841)","(344, 1084, 614, 1325)",5418.0,9189.0
89,1.4833333333333334,"(958, 651, 1187, 857)","(300, 1076, 574, 1321)",5596.0,8220.0
90,1.5,"(977, 663, 1215, 875)","(258, 1065, 531, 1308)",5872.0,8523.0
91,1.5166666666666666,"(1001, 672, 1234, 887)","(226, 1052, 498, 1292)",5939.0,8628.0
92,1.5333333333333334,"(1023, 685, 1262, 900)","(200, 1034, 467, 1271)",5938.0,8939.0
93,1.55,"(1044, 699, 1278, 911)","(189, 1009, 451, 1243)",6026.0,8286.0
94,1.5666666666666667,"(1065, 710, 1306, 928)","(174, 987, 436, 1216)",6173.0,8893.0
95,1.5833333333333333,"(1082, 718, 1323, 936)","(161, 959, 422, 1184)",6465.0,8499.0
96,1.6,"(1107, 726, 1344, 945)","(158, 933, 410, 1151)",6397.0,8317.0
97,1.6166666666666667,"(1124, 735, 1367, 956)","(153, 906, 405, 1125)",6468.0,7944.0
98,1.6333333333333333,"(1145, 743, 1386, 957)","(151, 883, 400, 1095)",5363.0,7202.0
99,1.65,"(1163, 747, 1410, 969)","(148, 865, 394, 1076)",6326.0,8440.0
100,1.6666666666666667,"(1179, 751, 1429, 973)","(150, 845, 393, 1047)",6116.0,7725.0
101,1.6833333333333333,"(1204, 753, 1452, 977)","(147, 826, 391, 1029)",6066.0,8419.0
102,1.7,"(1219, 754, 1466, 978)","(152, 807, 395, 1004)",4694.0,8255.0
103,1.7166666666666666,"(1234, 755, 1489, 978)","(158, 783, 397, 985)",4496.0,7907.0
104,1.7333333333333334,"(1254, 755, 1507, 978)","(162, 769, 400, 972)",3803.0,7520.0
105,1.75,"(1267, 752, 1522, 975)","(168, 757, 403, 951)",6190.0,7057.0
106,1.7666666666666666,"(1282, 747, 1535, 967)","(174, 744, 407, 936)",6407.0,6917.0
107,1.7833333333333334,"(1295, 744, 1549, 960)","(184, 727, 415, 924)",6457.0,6853.0
108,1.8,"(1307, 738, 1559, 957)","(195, 718, 422, 912)",6365.0,6535.0
109,1.8166666666666667,"(1316, 730, 1565, 950)","(201, 707, 433, 900)",6460.0,6213.0
110,1.8333333333333333,"(1324, 719, 1576, 939)","(211, 699, 443, 887)",6435.0,6137.0
111,1.85,"(1330, 711, 1587, 930)","(221, 691, 450, 883)",6531.0,5835.0
112,1.8666666666666667,"(1341, 702, 1595, 912)","(234, 683, 462, 877)",6567.0,5791.0
113,1.8833333333333333,"(1349, 689, 1599, 904)","(246, 680, 478, 871)",6505.0,5777.0
114,1.9,"(1355, 674, 1608, 890)","(260, 677, 493, 865)",6800.0,5714.0
115,1.9166666666666667,"(1362, 665, 1614, 877)","(271, 675, 503, 864)",6812.0,5194.0
116,1.9333333333333333,"(1368, 649, 1616, 858)","(291, 673, 525, 866)",6885.0,6059.0
117,1.95,"(1374, 633, 1620, 840)","(310, 676, 542, 866)",6830.0,5483.0
118,1.9666666666666666,"(1378, 621, 1627, 824)","(329, 677, 558, 871)",6850.0,6534.0
119,1.9833333333333334,"(1381, 608, 1629, 806)","(344, 679, 580, 875)",6395.0,7557.0
120,2.0,"(1380, 588, 1618, 786)","(359, 683, 597, 878)",3753.0,7855.0
121,2.0166666666666666,"(1380, 571, 1609, 766)","(377, 692, 611, 883)",3289.0,7680.0
122,2.033333333333333,"(1378, 554, 1604, 747)","(395, 701, 634, 892)",4491.0,8019.0
123,2.05,"(1369, 541, 1602, 733)","(418, 709, 651, 899)",5672.0,8192.0
124,2.066666666666667,"(1366, 521, 1590, 713)","(436, 718, 676, 912)",5942.0,8420.0
125,2.0833333333333335,"(1359, 505, 1579, 693)","(454, 729, 694, 927)",6182.0,8309.0
126,2.1,"(1350, 487, 1571, 677)","(479, 744, 718, 936)",6030.0,8151.0
127,2.1166666666666667,"(1333, 474, 1557, 662)","(500, 752, 742, 950)",5480.0,8482.0
128,2.1333333333333333,"(1315, 467, 1542, 648)","(529, 765, 767, 966)",5305.0,8396.0
129,2.15,"(1299, 458, 1517, 642)","(549, 777, 789, 983)",4922.0,8767.0
130,2.1666666666666665,"(1273, 445, 1495, 633)","(570, 793, 810, 994)",4935.0,9104.0
131,2.183333333333333,"(1247, 453, 1468, 633)","(591, 805, 839, 1013)",3716.0,8735.0
132,2.2,"(1216, 456, 1436, 634)","(621, 823, 865, 1027)",4239.0,8641.0
133,2.216666666666667,"(1187, 455, 1408, 637)","(641, 833, 887, 1046)",5005.0,9391.0
134,2.2333333333333334,"(1156, 464, 1372, 643)","(671, 852, 914, 1064)",5723.0,10250.0
135,2.25,"(1121, 471, 1343, 653)","(694, 863, 938, 1080)",6327.0,9117.0
136,2.2666666666666666,"(1080, 476, 1309, 668)","(721, 882, 967, 1101)",6321.0,9090.0
137,2.283333333333333,"(1044, 486, 1272, 683)","(744, 894, 991, 1111)",6625.0,8934.0
138,2.3,"(1012, 508, 1234, 696)","(772, 905, 1019, 1126)",6928.0,9579.0
139,2.316666666666667,"(970, 524, 1199, 716)","(793, 917, 1047, 1139)",7359.0,9433.0
140,2.3333333333333335,"(928, 543, 1155, 741)","(821, 926, 1072, 1150)",7905.0,9430.0
141,2.35,"(884, 569, 1117, 768)","(845, 940, 1099, 1162)",7998.0,9496.0
142,2.3666666666666667,"(836, 588, 1070, 794)","(871, 944, 1125, 1169)",8130.0,9378.0
143,2.3833333333333333,"(788, 620, 1027, 832)","(892, 949, 1150, 1175)",8833.0,9414.0
144,2.4,"(743, 653, 982, 868)","(918, 954, 1169, 1181)",9202.0,9484.0
145,2.4166666666666665,"(697, 689, 935, 904)","(938, 955, 1195, 1184)",8919.0,8314.0
146,2.433333333333333,"(655, 722, 892, 950)","(959, 955, 1216, 1183)",9391.0,6561.0
147,2.45,"(610, 763, 855, 990)","(979, 953, 1232, 1180)",9585.0,9378.0
148,2.466666666666667,"(564, 802, 820, 1039)","(1001, 946, 1253, 1177)",10382.0,9870.0
149,2.4833333333333334,"(537, 843, 784, 1086)","(1018, 942, 1272, 1169)",10192.0,10291.0
150,2.5,"(503, 880, 753, 1127)","(1033, 936, 1286, 1156)",10592.0,10421.0
151,2.5166666666666666,"(470, 919, 725, 1174)","(1051, 923, 1304, 1144)",10680.0,10257.0
152,2.533333333333333,"(436, 957, 697, 1219)","(1064, 911, 1311, 1133)",10358.0,10770.0
153,2.55,"(408, 998, 676, 1269)","(1074, 899, 1322, 1113)",10932.0,10913.0
154,2.566666666666667,"(381, 1038, 653, 1319)","(1082, 881, 1330, 1096)",12464.0,11089.0
155,2.5833333333333335,"(357, 1077, 634, 1368)","(1093, 866, 1339, 1082)",12159.0,10803.0
156,2.6,"(342, 1107, 626, 1392)","(1102, 850, 1345, 1059)",10159.0,11895.0
157,2.6166666666666667,"(330, 1123, 621, 1418)","(1106, 828, 1349, 1039)",10981.0,10702.0
158,2.6333333333333333,"(330, 1137, 621, 1424)","(1108, 820, 1348, 1025)",5293.0,8728.0
159,2.65,"(349, 1130, 635, 1420)","(1108, 802, 1347, 1005)",9539.0,8268.0
160,2.6666666666666665,"(371, 1126, 653, 1413)","(1108, 787, 1346, 988)",9083.0,7050.0
161,2.683333333333333,"(395, 1117, 674, 1396)","(1108, 769, 1344, 970)",11036.0,7144.0
162,2.7,"(412, 1111, 693, 1387)","(1102, 750, 1331, 950)",9069.0,10075.0
163,2.716666666666667,"(448, 1101, 717, 1371)","(1093, 732, 1326, 932)",9967.0,9421.0
164,2.7333333333333334,"(472, 1087, 744, 1357)","(1082, 718, 1316, 914)",9421.0,9197.0
165,2.75,"(497, 1071, 769, 1332)","(1072, 704, 1305, 896)",9908.0,9098.0
166,2.7666666666666666,"(528, 1053, 794, 1314)","(1062, 689, 1290, 882)",9888.0,8473.0
167,2.783333333333333,"(561, 1038, 825, 1290)","(1049, 670, 1276, 860)",9296.0,9237.0
168,2.8,"(595, 1020, 861, 1271)","(1032, 658, 1261, 849)",9009.0,7894.0
169,2.816666666666667,"(631, 1004, 889, 1255)","(1020, 651, 1245, 840)",8990.0,7559.0
170,2.8333333333333335,"(666, 988, 925, 1231)","(1007, 636, 1230, 831)",10358.0,8246.0
171,2.85,"(701, 965, 962, 1208)","(986, 627, 1214, 823)",10264.0,6938.0
172,2.8666666666666667,"(741, 949, 995, 1183)","(971, 623, 1198, 815)",9905.0,7499.0
173,2.8833333333333333,"(781, 930, 1034, 1162)","(952, 616, 1178, 808)",9109.0,7348.0
174,2.9,"(821, 910, 1080, 1140)","(933, 615, 1159, 806)",9781.0,5704.0
175,2.9166666666666665,"(864, 892, 1111, 1116)","(915, 614, 1136, 801)",9743.0,6301.0
176,2.933333333333333,"(903, 873, 1154, 1094)","(891, 610, 1115, 798)",9357.0,6949.0
177,2.95,"(940, 858, 1203, 1075)","(872, 609, 1092, 798)",8979.0,5109.0
178,2.966666666666667,"(984, 841, 1241, 1055)","(851, 612, 1074, 800)",9523.0,6359.0
179,2.9833333333333334,"(1029, 821, 1280, 1038)","(829, 614, 1050, 803)",8557.0,6825.0
180,3.0,"(1069, 809, 1325, 1021)","(808, 618, 1028, 808)",8875.0,6957.0
181,3.0166666666666666,"(1117, 795, 1369, 1003)","(781, 618, 1006, 813)",8412.0,5557.0
182,3.033333333333333,"(1155, 774, 1411, 982)","(758, 624, 980, 821)",9438.0,6982.0
183,3.05,"(1195, 754, 1447, 961)","(735, 639, 961, 834)",9067.0,7399.0
184,3.066666666666667,"(1230, 738, 1482, 940)","(711, 648, 936, 842)",8672.0,7166.0
185,3.0833333333333335,"(1259, 711, 1511, 918)","(682, 662, 912, 859)",9664.0,7623.0
186,3.1,"(1285, 692, 1537, 894)","(653, 670, 888, 872)",9709.0,7928.0
187,3.1166666666666667,"(1308, 666, 1559, 867)","(632, 683, 867, 886)",9408.0,7998.0
188,3.1333333333333333,"(1330, 649, 1575, 842)","(609, 700, 842, 902)",9022.0,8687.0
189,3.15,"(1345, 627, 1589, 825)","(588, 715, 831, 922)",8899.0,8594.0
190,3.1666666666666665,"(1354, 610, 1595, 799)","(573, 731, 806, 942)",9058.0,8816.0
191,3.183333333333333,"(1360, 587, 1598, 780)","(549, 752, 790, 960)",8147.0,9182.0
192,3.2,"(1365, 568, 1599, 759)","(529, 772, 771, 983)",7507.0,9738.0
193,3.216666666666667,"(1363, 552, 1593, 741)","(506, 789, 748, 1004)",5389.0,9634.0
194,3.2333333333333334,"(1360, 535, 1585, 723)","(487, 810, 728, 1027)",6165.0,10083.0
195,3.25,"(1356, 521, 1577, 701)","(471, 828, 720, 1047)",5224.0,10524.0
196,3.2666666666666666,"(1348, 507, 1565, 691)","(453, 846, 699, 1069)",5688.0,10506.0
197,3.283333333333333,"(1327, 494, 1553, 677)","(442, 862, 691, 1085)",5694.0,10850.0
198,3.3,"(1312, 479, 1535, 667)","(433, 879, 685, 1098)",5071.0,11632.0
199,3.316666666666667,"(1290, 477, 1510, 661)","(428, 895, 681, 1122)",4740.0,11448.0
200,3.3333333333333335,"(1265, 475, 1487, 656)","(427, 911, 684, 1140)",5038.0,8965.0
201,3.35,"(1237, 474, 1457, 657)","(429, 930, 688, 1152)",4434.0,10699.0
202,3.3666666666666667,"(1206, 476, 1428, 653)","(438, 939, 696, 1173)",5467.0,11767.0
203,3.3833333333333333,"(1171, 476, 1399, 661)","(445, 952, 707, 1187)",5051.0,11027.0
204,3.4,"(1140, 477, 1363, 664)","(461, 961, 723, 1197)",6156.0,11543.0
205,3.4166666666666665,"(1105, 484, 1329, 675)","(481, 973, 741, 1210)",6787.0,11643.0
206,3.433333333333333,"(1069, 496, 1289, 686)","(499, 984, 761, 1218)",6605.0,11283.0
207,3.45,"(1026, 510, 1255, 696)","(524, 987, 783, 1226)",7382.0,11417.0
208,3.466666666666667,"(988, 523, 1216, 714)","(548, 994, 816, 1234)",7512.0,10938.0
209,3.4833333333333334,"(944, 537, 1173, 738)","(578, 995, 840, 1233)",7661.0,8625.0
210,3.5,"(891, 564, 1128, 759)","(603, 996, 872, 1234)",7377.0,8912.0
211,3.5166666666666666,"(847, 580, 1079, 786)","(636, 989, 897, 1228)",7954.0,10244.0
212,3.533333333333333,"(797, 610, 1031, 811)","(667, 986, 926, 1223)",8278.0,9987.0
213,3.55,"(746, 636, 979, 846)","(698, 983, 964, 1216)",9267.0,9921.0
214,3.566666666666667,"(695, 666, 934, 884)","(734, 972, 990, 1208)",8494.0,9537.0
215,3.5833333333333335,"(646, 706, 888, 924)","(766, 958, 1024, 1190)",8789.0,9115.0
216,3.6,"(600, 742, 842, 965)","(792, 949, 1055, 1175)",9829.0,8880.0
217,3.6166666666666667,"(550, 775, 800, 1005)","(824, 934, 1082, 1162)",9417.0,8836.0
218,3.6333333333333333,"(510, 813, 760, 1048)","(862, 912, 1110, 1139)",9686.0,9395.0
219,3.65,"(477, 852, 724, 1094)","(888, 902, 1138, 1120)",10170.0,9178.0
220,3.6666666666666665,"(435, 891, 688, 1136)","(918, 881, 1171, 1102)",10400.0,9978.0
221,3.683333333333333,"(397, 928, 660, 1181)","(945, 863, 1191, 1080)",9903.0,9577.0
222,3.7,"(359, 970, 628, 1227)","(972, 845, 1217, 1055)",10434.0,10433.0
223,3.716666666666667,"(328, 1010, 606, 1275)","(997, 827, 1237, 1035)",11262.0,9582.0
224,3.7333333333333334,"(309, 1046, 588, 1323)","(1020, 806, 1260, 1015)",11228.0,10078.0
225,3.75,"(293, 1079, 572, 1354)","(1040, 790, 1278, 990)",11881.0,9844.0
226,3.7666666666666666,"(287, 1084, 574, 1369)","(1060, 768, 1293, 971)",7887.0,9919.0
227,3.783333333333333,"(292, 1098, 574, 1383)","(1073, 744, 1310, 946)",7454.0,9723.0
228,3.8,"(294, 1109, 579, 1391)","(1084, 723, 1321, 928)",6977.0,9715.0
229,3.816666666666667,"(300, 1124, 586, 1415)","(1104, 710, 1333, 907)",9879.0,9510.0
230,3.8333333333333335,"(316, 1125, 604, 1410)","(1115, 691, 1347, 888)",8251.0,9757.0
231,3.85,"(339, 1122, 625, 1406)","(1124, 674, 1354, 873)",7611.0,9121.0
232,3.8666666666666667,"(359, 1116, 644, 1396)","(1130, 659, 1358, 849)",10264.0,9944.0
233,3.8833333333333333,"(389, 1108, 671, 1385)","(1138, 641, 1367, 839)",9642.0,8948.0
234,3.9,"(413, 1105, 695, 1384)","(1146, 633, 1372, 831)",7894.0,7828.0
235,3.9166666666666665,"(450, 1097, 723, 1369)","(1149, 619, 1372, 813)",9635.0,7887.0
236,3.933333333333333,"(481, 1091, 755, 1357)","(1148, 612, 1372, 805)",8645.0,4304.0
237,3.95,"(510, 1076, 788, 1337)","(1147, 602, 1373, 795)",9280.0,5547.0
238,3.966666666666667,"(549, 1064, 820, 1323)","(1143, 594, 1368, 790)",9752.0,6156.0
239,3.9833333333333334,"(591, 1054, 859, 1312)","(1138, 588, 1359, 788)",8767.0,5335.0
240,4.0,"(632, 1047, 900, 1303)","(1130, 582, 1355, 784)",8861.0,6114.0
241,4.016666666666667,"(673, 1034, 946, 1284)","(1124, 582, 1346, 782)",8909.0,4698.0
242,4.033333333333333,"(719, 1021, 985, 1269)","(1114, 583, 1336, 783)",9691.0,5463.0
243,4.05,"(768, 1006, 1037, 1251)","(1103, 585, 1326, 786)",8523.0,6569.0
244,4.066666666666666,"(813, 993, 1084, 1233)","(1089, 588, 1311, 790)",8821.0,7241.0
245,4.083333333333333,"(866, 975, 1129, 1212)","(1076, 595, 1301, 796)",10030.0,7916.0
246,4.1,"(913, 957, 1179, 1191)","(1065, 604, 1285, 803)",11202.0,7904.0
247,4.116666666666666,"(967, 939, 1227, 1169)","(1051, 611, 1274, 810)",9371.0,8665.0
248,4.133333333333334,"(1018, 918, 1279, 1148)","(1033, 619, 1256, 824)",9836.0,8533.0
249,4.15,"(1074, 903, 1337, 1122)","(1016, 634, 1244, 839)",9509.0,9279.0
250,4.166666666666667,"(1122, 878, 1386, 1100)","(998, 645, 1223, 851)",8521.0,8300.0
251,4.183333333333334,"(1169, 857, 1440, 1070)","(979, 662, 1205, 864)",9744.0,9939.0
252,4.2,"(1217, 829, 1485, 1044)","(956, 668, 1181, 878)",9111.0,9026.0
253,4.216666666666667,"(1266, 797, 1528, 1008)","(933, 683, 1159, 892)",9844.0,8748.0
254,4.233333333333333,"(1310, 766, 1565, 977)","(911, 695, 1137, 900)",8506.0,8634.0
255,4.25,"(1344, 729, 1603, 942)","(886, 710, 1116, 922)",9634.0,9353.0
256,4.266666666666667,"(1373, 703, 1633, 904)","(863, 723, 1093, 938)",8650.0,9305.0
257,4.283333333333333,"(1403, 669, 1654, 878)","(840, 740, 1074, 951)",10015.0,9172.0
258,4.3,"(1426, 638, 1674, 834)","(822, 749, 1054, 963)",8864.0,9119.0
259,4.316666666666666,"(1445, 614, 1682, 798)","(794, 762, 1031, 976)",8799.0,9269.0
260,4.333333333333333,"(1457, 581, 1687, 770)","(777, 769, 1010, 990)",7320.0,9669.0
261,4.35,"(1467, 546, 1702, 736)","(753, 783, 988, 1000)",7435.0,9550.0
262,4.366666666666666,"(1475, 521, 1706, 703)","(736, 792, 974, 1014)",6501.0,10127.0
263,4.383333333333334,"(1471, 493, 1705, 680)","(721, 802, 959, 1024)",7413.0,9812.0
264,4.4,"(1463, 476, 1698, 660)","(697, 808, 940, 1033)",5383.0,10045.0
265,4.416666666666667,"(1445, 473, 1677, 663)","(687, 818, 929, 1047)",4508.0,10687.0
266,4.433333333333334,"(1420, 478, 1651, 661)","(673, 827, 916, 1051)",4663.0,10336.0
267,4.45,"(1388, 486, 1618, 673)","(662, 836, 901, 1060)",5522.0,10284.0
268,4.466666666666667,"(1360, 496, 1575, 681)","(648, 843, 889, 1071)",5669.0,10424.0
269,4.483333333333333,"(1320, 504, 1548, 690)","(638, 851, 880, 1076)",6161.0,9558.0
270,4.5,"(1291, 504, 1509, 691)","(631, 854, 876, 1084)",4508.0,10653.0
271,4.516666666666667,"(1252, 510, 1470, 696)","(624, 859, 868, 1089)",6482.0,8010.0
272,4.533333333333333,"(1207, 518, 1434, 705)","(619, 862, 865, 1094)",6496.0,8486.0
273,4.55,"(1166, 525, 1393, 711)","(617, 865, 862, 1099)",6588.0,5417.0
274,4.566666666666666,"(1124, 527, 1353, 720)","(614, 870, 860, 1098)",6461.0,6219.0
275,4.583333333333333,"(1079, 533, 1311, 727)","(612, 868, 858, 1097)",7011.0,4435.0
276,4.6,"(1032, 544, 1263, 736)","(614, 872, 860, 1101)",7226.0,5618.0
277,4.616666666666666,"(982, 558, 1211, 749)","(616, 873, 863, 1102)",7209.0,3765.0
278,4.633333333333334,"(927, 570, 1163, 766)","(624, 878, 869, 1110)",7385.0,7398.0
279,4.65,"(873, 584, 1103, 787)","(626, 875, 874, 1106)",7402.0,6818.0
280,4.666666666666667,"(817, 607, 1054, 806)","(633, 879, 881, 1110)",7454.0,9600.0
281,4.683333333333334,"(761, 625, 993, 835)","(643, 880, 888, 1111)",8925.0,7950.0
282,4.7,"(704, 655, 944, 860)","(654, 884, 898, 1107)",8003.0,9610.0
283,4.716666666666667,"(649, 673, 886, 880)","(668, 886, 910, 1116)",10252.0,9136.0
284,4.733333333333333,"(597, 685, 843, 888)","(679, 902, 922, 1142)",8571.0,13605.0
285,4.75,"(558, 688, 793, 890)","(690, 931, 935, 1171)",7103.0,13009.0
286,4.766666666666667,"(516, 694, 754, 895)","(697, 951, 953, 1196)",7400.0,12218.0
287,4.783333333333333,"(470, 698, 710, 904)","(715, 976, 969, 1220)",7003.0,13527.0
288,4.8,"(424, 707, 675, 918)","(731, 997, 990, 1251)",7432.0,13440.0
289,4.816666666666666,"(393, 717, 637, 930)","(752, 1017, 1012, 1268)",7058.0,13840.0
290,4.833333333333333,"(356, 726, 601, 948)","(772, 1031, 1035, 1288)",7826.0,14097.0
291,4.85,"(314, 748, 576, 966)","(791, 1042, 1055, 1303)",8639.0,12517.0
292,4.866666666666666,"(293, 763, 550, 985)","(816, 1053, 1084, 1314)",7836.0,13286.0
293,4.883333333333334,"(267, 785, 519, 1012)","(840, 1063, 1108, 1322)",9011.0,12286.0
294,4.9,"(237, 809, 498, 1035)","(869, 1070, 1137, 1331)",8546.0,12924.0
295,4.916666666666667,"(216, 830, 481, 1061)","(895, 1073, 1164, 1331)",9604.0,11073.0
296,4.933333333333334,"(195, 851, 468, 1085)","(923, 1074, 1192, 1334)",8867.0,11461.0
297,4.95,"(188, 874, 459, 1123)","(949, 1071, 1222, 1329)",10932.0,11848.0
298,4.966666666666667,"(178, 904, 456, 1157)","(978, 1065, 1251, 1324)",9582.0,11628.0
299,4.983333333333333,"(175, 938, 457, 1188)","(1002, 1059, 1280, 1315)",10885.0,12236.0
300,5.0,"(178, 967, 459, 1225)","(1032, 1053, 1303, 1309)",10835.0,11336.0
301,5.016666666666667,"(187, 997, 468, 1260)","(1064, 1043, 1334, 1295)",12726.0,11738.0
302,5.033333333333333,"(201, 1021, 485, 1288)","(1092, 1031, 1360, 1276)",10398.0,11079.0
303,5.05,"(219, 1050, 510, 1320)","(1121, 1016, 1390, 1262)",11974.0,11339.0
304,5.066666666666666,"(250, 1068, 536, 1341)","(1145, 999, 1416, 1246)",12685.0,11173.0
305,5.083333333333333,"(283, 1084, 578, 1365)","(1171, 985, 1436, 1221)",10729.0,11049.0
306,5.1,"(318, 1100, 614, 1376)","(1192, 959, 1460, 1196)",11743.0,11489.0
307,5.116666666666666,"(363, 1112, 655, 1391)","(1217, 944, 1477, 1174)",9935.0,11322.0
308,5.133333333333334,"(407, 1122, 703, 1406)","(1237, 922, 1502, 1147)",10792.0,11246.0
309,5.15,"(457, 1127, 747, 1411)","(1254, 901, 1516, 1126)",10985.0,11596.0
310,5.166666666666667,"(506, 1133, 806, 1412)","(1272, 877, 1528, 1099)",7662.0,11313.0
311,5.183333333333334,"(568, 1133, 855, 1408)","(1289, 854, 1545, 1074)",8336.0,11532.0
312,5.2,"(622, 1129, 922, 1401)","(1299, 830, 1554, 1046)",9150.0,11375.0
313,5.216666666666667,"(686, 1116, 979, 1382)","(1310, 809, 1560, 1022)",9566.0,10541.0
314,5.233333333333333,"(753, 1107, 1039, 1371)","(1313, 782, 1564, 997)",9322.0,11350.0
315,5.25,"(814, 1094, 1100, 1360)","(1318, 761, 1565, 970)",9732.0,10898.0
316,5.266666666666667,"(874, 1075, 1165, 1329)","(1318, 736, 1563, 945)",9835.0,7861.0
317,5.283333333333333,"(946, 1055, 1222, 1307)","(1317, 716, 1560, 924)",11395.0,8526.0
318,5.3,"(1007, 1033, 1291, 1282)","(1310, 695, 1558, 900)",9795.0,10661.0
319,5.316666666666666,"(1072, 1006, 1355, 1252)","(1307, 674, 1545, 880)",9049.0,9889.0
320,5.333333333333333,"(1135, 978, 1413, 1214)","(1297, 661, 1534, 862)",9530.0,9215.0
321,5.35,"(1203, 943, 1474, 1177)","(1284, 641, 1522, 841)",9425.0,8987.0
322,5.366666666666666,"(1258, 906, 1528, 1135)","(1268, 626, 1505, 828)",8759.0,8528.0
323,5.383333333333334,"(1311, 861, 1576, 1082)","(1250, 615, 1487, 817)",8112.0,8146.0
324,5.4,"(1358, 815, 1613, 1032)","(1231, 603, 1464, 797)",8171.0,9126.0
325,5.416666666666667,"(1396, 766, 1655, 988)","(1209, 590, 1440, 789)",7958.0,9505.0
326,5.433333333333334,"(1424, 726, 1688, 943)","(1186, 584, 1415, 781)",8257.0,7654.0
327,5.45,"(1460, 683, 1718, 883)","(1160, 577, 1390, 771)",7877.0,7272.0
328,5.466666666666667,"(1487, 639, 1725, 836)","(1132, 575, 1362, 770)",9152.0,6475.0
329,5.483333333333333,"(1511, 592, 1749, 789)","(1106, 576, 1333, 769)",8178.0,6051.0
330,5.5,"(1531, 538, 1760, 738)","(1076, 576, 1303, 770)",6948.0,5092.0
331,5.516666666666667,"(1542, 502, 1768, 693)","(1045, 577, 1268, 775)",7811.0,6439.0
332,5.533333333333333,"(1504, 481, 1737, 681)","(1013, 583, 1234, 782)",6470.0,7094.0
333,5.55,"(1458, 478, 1691, 674)","(979, 589, 1203, 787)",7373.0,7068.0
334,5.566666666666666,"(1414, 481, 1646, 679)","(951, 597, 1177, 793)",6631.0,7240.0
335,5.583333333333333,"(1359, 495, 1579, 694)","(918, 609, 1146, 806)",6713.0,7369.0
336,5.6,"(1311, 514, 1536, 715)","(888, 618, 1113, 818)",8384.0,7334.0
337,5.616666666666666,"(1264, 538, 1490, 736)","(856, 635, 1081, 835)",7487.0,7547.0
338,5.633333333333334,"(1218, 545, 1443, 739)","(826, 650, 1048, 852)",5739.0,8068.0
339,5.65,"(1172, 544, 1399, 737)","(790, 662, 1021, 867)",4536.0,7553.0
340,5.666666666666667,"(1128, 544, 1356, 738)","(763, 683, 989, 886)",5088.0,8108.0
341,5.683333333333334,"(1088, 546, 1314, 738)","(731, 699, 964, 906)",5466.0,8358.0
342,5.7,"(1041, 551, 1271, 742)","(698, 719, 934, 927)",6235.0,8928.0
343,5.716666666666667,"(996, 553, 1226, 744)","(673, 740, 903, 948)",6037.0,8770.0
344,5.733333333333333,"(949, 553, 1179, 745)","(641, 756, 876, 970)",5260.0,9089.0
345,5.75,"(902, 553, 1132, 745)","(613, 777, 849, 991)",4517.0,8914.0
346,5.766666666666667,"(858, 556, 1085, 744)","(585, 797, 829, 1014)",5528.0,9185.0
347,5.783333333333333,"(811, 558, 1037, 746)","(554, 817, 802, 1040)",6194.0,9723.0
348,5.8,"(764, 558, 991, 747)","(542, 841, 785, 1061)",5741.0,9361.0
349,5.816666666666666,"(706, 559, 945, 754)","(522, 862, 762, 1087)",6440.0,9961.0
350,5.833333333333333,"(658, 562, 890, 758)","(500, 882, 746, 1107)",7391.0,9916.0
351,5.85,"(608, 568, 838, 765)","(487, 904, 730, 1135)",7541.0,10699.0
352,5.866666666666666,"(557, 578, 793, 783)","(475, 918, 722, 1148)",7372.0,10741.0
353,5.883333333333334,"(507, 595, 749, 795)","(462, 940, 712, 1171)",7179.0,11539.0
354,5.9,"(466, 609, 702, 812)","(449, 957, 705, 1196)",7681.0,12153.0
355,5.916666666666667,"(423, 628, 656, 837)","(446, 971, 702, 1212)",8361.0,11863.0
356,5.933333333333334,"(372, 655, 620, 868)","(445, 993, 701, 1229)",7741.0,10027.0
357,5.95,"(329, 674, 584, 894)","(445, 1003, 705, 1245)",9191.0,8082.0
358,5.966666666666667,"(299, 699, 547, 923)","(450, 1013, 711, 1258)",9143.0,13267.0
359,5.983333333333333,"(265, 726, 518, 956)","(454, 1028, 716, 1270)",8428.0,10878.0
360,6.0,"(224, 759, 496, 984)","(464, 1039, 725, 1287)",7985.0,12897.0
361,6.016666666666667,"(202, 781, 475, 1017)","(473, 1050, 739, 1297)",10354.0,11528.0
362,6.033333333333333,"(188, 814, 457, 1054)","(482, 1058, 750, 1310)",11609.0,12115.0
363,6.05,"(170, 846, 448, 1092)","(494, 1070, 763, 1320)",8492.0,12251.0
364,6.066666666666666,"(164, 882, 439, 1126)","(509, 1083, 777, 1335)",8240.0,12926.0
365,6.083333333333333,"(162, 913, 440, 1166)","(519, 1094, 797, 1345)",11289.0,13193.0
366,6.1,"(162, 945, 444, 1210)","(541, 1099, 812, 1357)",9066.0,13088.0
367,6.116666666666666,"(172, 976, 454, 1240)","(560, 1102, 834, 1356)",9954.0,10808.0
368,6.133333333333334,"(188, 1003, 472, 1270)","(583, 1104, 856, 1361)",12863.0,12700.0
369,6.15,"(204, 1030, 494, 1300)","(601, 1104, 881, 1358)",14825.0,10632.0
370,6.166666666666667,"(237, 1056, 525, 1325)","(633, 1102, 903, 1360)",11795.0,10608.0
371,6.183333333333334,"(268, 1072, 569, 1344)","(650, 1102, 929, 1358)",10041.0,9998.0
372,6.2,"(320, 1089, 607, 1362)","(678, 1100, 949, 1355)",12932.0,11654.0
373,6.216666666666667,"(371, 1097, 662, 1367)","(698, 1098, 975, 1353)",11787.0,9547.0
374,6.233333333333333,"(423, 1099, 716, 1364)","(729, 1097, 998, 1356)",9042.0,11295.0
375,6.25,"(455, 1078, 738, 1332)","(761, 1098, 1050, 1358)",9684.0,10646.0
376,6.266666666666667,"(479, 1059, 763, 1313)","(803, 1094, 1089, 1351)",9197.0,9259.0
377,6.283333333333333,"(503, 1052, 788, 1304)","(845, 1089, 1133, 1349)",9423.0,9307.0
378,6.3,"(535, 1040, 808, 1286)","(886, 1089, 1183, 1360)",10625.0,9022.0
379,6.316666666666666,"(566, 1026, 837, 1267)","(927, 1098, 1235, 1371)",9195.0,11146.0
380,6.333333333333333,"(599, 1008, 866, 1246)","(976, 1109, 1278, 1384)",7921.0,10495.0
381,6.35,"(637, 1000, 900, 1231)","(1021, 1130, 1321, 1406)",8357.0,10717.0
382,6.366666666666666,"(672, 983, 939, 1212)","(1065, 1142, 1361, 1414)",8016.0,10310.0
383,6.383333333333334,"(709, 965, 978, 1189)","(1107, 1126, 1408, 1394)",8321.0,12553.0
384,6.4,"(750, 946, 1014, 1167)","(1150, 1115, 1450, 1370)",9824.0,10687.0
385,6.416666666666667,"(791, 915, 1050, 1132)","(1195, 1096, 1486, 1358)",10616.0,11883.0
386,6.433333333333334,"(830, 894, 1082, 1105)","(1231, 1082, 1528, 1342)",10839.0,11148.0
387,6.45,"(867, 867, 1115, 1079)","(1265, 1066, 1561, 1322)",10961.0,11298.0
388,6.466666666666667,"(893, 846, 1139, 1049)","(1300, 1054, 1595, 1310)",9449.0,11095.0
389,6.483333333333333,"(922, 813, 1168, 1021)","(1328, 1045, 1627, 1293)",8261.0,10614.0
390,6.5,"(946, 789, 1184, 985)","(1363, 1022, 1646, 1266)",8366.0,11912.0
391,6.516666666666667,"(971, 760, 1214, 961)","(1389, 1005, 1676, 1250)",7863.0,11349.0
392,6.533333333333333,"(988, 730, 1227, 928)","(1405, 985, 1695, 1229)",8387.0,12058.0
393,6.55,"(1009, 704, 1243, 896)","(1419, 962, 1706, 1201)",8549.0,12175.0
394,6.566666666666666,"(1021, 675, 1256, 868)","(1438, 947, 1716, 1177)",9714.0,11609.0
395,6.583333333333333,"(1031, 654, 1264, 841)","(1442, 917, 1717, 1153)",10480.0,11737.0
396,6.6,"(1040, 624, 1271, 817)","(1442, 900, 1717, 1125)",9938.0,8881.0
397,6.616666666666666,"(1048, 605, 1276, 791)","(1442, 870, 1712, 1101)",9128.0,9241.0
398,6.633333333333334,"(1050, 583, 1277, 772)","(1437, 845, 1704, 1068)",6677.0,11170.0
399,6.65,"(1050, 562, 1277, 751)","(1426, 815, 1692, 1034)",3652.0,10249.0
400,6.666666666666667,"(1048, 542, 1272, 734)","(1410, 786, 1672, 1006)",4841.0,10359.0
401,6.683333333333334,"(1045, 526, 1265, 712)","(1396, 760, 1654, 972)",5450.0,9699.0
402,6.7,"(1037, 514, 1261, 696)","(1371, 733, 1632, 944)",5925.0,9830.0
403,6.716666666666667,"(1025, 499, 1250, 690)","(1347, 709, 1600, 917)",6164.0,9164.0
404,6.733333333333333,"(1015, 487, 1236, 681)","(1317, 682, 1566, 891)",5856.0,8889.0
405,6.75,"(1004, 477, 1222, 662)","(1289, 664, 1536, 865)",5735.0,8468.0
406,6.766666666666667,"(989, 469, 1207, 654)","(1252, 642, 1499, 844)",5526.0,8427.0
407,6.783333333333333,"(974, 458, 1190, 643)","(1214, 622, 1458, 822)",5271.0,7707.0
408,6.8,"(955, 455, 1173, 638)","(1166, 607, 1413, 800)",4795.0,8320.0
409,6.816666666666666,"(934, 449, 1152, 637)","(1125, 585, 1366, 786)",4694.0,8013.0
410,6.833333333333333,"(912, 441, 1130, 635)","(1077, 571, 1321, 769)",5294.0,9912.0
411,6.85,"(902, 430, 1111, 611)","(1032, 575, 1272, 772)",7828.0,9750.0
412,6.866666666666666,"(872, 418, 1085, 576)","(992, 595, 1229, 789)",7133.0,8450.0
413,6.883333333333334,"(841, 413, 1053, 542)","(953, 613, 1184, 811)",3778.0,7418.0
414,6.9,"(801, 414, 1022, 548)","(907, 634, 1143, 836)",3269.0,7994.0
415,6.916666666666667,"(764, 417, 981, 553)","(852, 653, 1087, 857)",4225.0,7832.0
416,6.933333333333334,"(728, 418, 944, 575)","(802, 673, 1038, 882)",5284.0,10168.0
417,6.95,"(684, 422, 912, 607)","(744, 697, 988, 905)",7127.0,10285.0
418,6.966666666666667,"(647, 460, 875, 648)","(692, 717, 937, 932)",7130.0,9396.0
419,6.983333333333333,"(605, 480, 838, 682)","(640, 743, 888, 958)",7819.0,9988.0
420,7.0,"(572, 512, 801, 699)","(581, 769, 837, 987)",8091.0,10253.0
421,7.016666666666667,"(526, 526, 763, 724)","(531, 793, 786, 1015)",7852.0,9837.0
422,7.033333333333333,"(483, 540, 722, 734)","(481, 829, 736, 1048)",7361.0,9398.0
423,7.05,"(439, 559, 676, 747)","(416, 852, 687, 1081)",7652.0,9959.0
424,7.066666666666666,"(392, 577, 636, 777)","(383, 878, 638, 1113)",7757.0,9558.0
425,7.083333333333333,"(352, 597, 596, 793)","(327, 907, 595, 1147)",7553.0,9703.0
426,7.1,"(302, 615, 551, 812)","(283, 941, 555, 1185)",7235.0,9419.0
427,7.116666666666666,"(259, 629, 509, 834)","(239, 968, 518, 1219)",8307.0,10043.0
428,7.133333333333334,"(217, 659, 463, 861)","(199, 1006, 481, 1262)",7973.0,10577.0
429,7.15,"(172, 679, 432, 888)","(163, 1040, 445, 1302)",7864.0,11375.0
430,7.166666666666667,"(123, 708, 390, 916)","(151, 1057, 429, 1301)",6898.0,7744.0
431,7.183333333333334,"(91, 734, 357, 953)","(178, 1037, 446, 1278)",7705.0,8446.0
432,7.2,"(54, 755, 328, 984)","(195, 1014, 478, 1261)",8353.0,8123.0
433,7.216666666666667,"(31, 782, 297, 1018)","(227, 1005, 508, 1242)",9243.0,7758.0
434,7.233333333333333,"(5, 809, 272, 1042)","(262, 996, 537, 1234)",7772.0,7918.0
435,7.25,"(3, 843, 274, 1081)","(298, 983, 559, 1214)",7590.0,8169.0
436,7.266666666666667,"(3, 867, 286, 1109)","(319, 967, 591, 1192)",4586.0,8309.0
437,7.283333333333333,"(10, 900, 304, 1153)","(343, 951, 612, 1175)",7064.0,8590.0
438,7.3,"(28, 936, 327, 1177)","(375, 936, 639, 1160)",7702.0,8073.0
439,7.316666666666666,"(56, 957, 366, 1213)","(398, 923, 663, 1146)",8522.0,7667.0
440,7.333333333333333,"(98, 984, 407, 1240)","(424, 916, 690, 1134)",8186.0,9050.0
441,7.35,"(149, 1012, 453, 1268)","(456, 902, 710, 1120)",9467.0,9295.0
442,7.366666666666666,"(200, 1028, 505, 1288)","(485, 890, 738, 1103)",9218.0,9060.0
443,7.383333333333334,"(246, 1047, 550, 1304)","(511, 877, 758, 1086)",9774.0,10357.0
444,7.4,"(302, 1058, 597, 1320)","(537, 863, 786, 1074)",11101.0,9493.0
445,7.416666666666667,"(358, 1075, 650, 1327)","(553, 854, 809, 1060)",10218.0,8851.0
446,7.433333333333334,"(421, 1080, 713, 1335)","(585, 844, 833, 1047)",9643.0,8390.0
447,7.45,"(483, 1082, 774, 1334)","(614, 835, 852, 1033)",8747.0,8490.0
448,7.466666666666667,"(544, 1083, 828, 1336)","(635, 824, 876, 1025)",9278.0,8367.0
449,7.483333333333333,"(607, 1079, 887, 1328)","(658, 811, 893, 1014)",9909.0,8407.0
450,7.5,"(673, 1067, 949, 1318)","(677, 803, 912, 1003)",9218.0,8344.0
451,7.516666666666667,"(732, 1056, 1017, 1307)","(695, 792, 931, 988)",9105.0,8668.0
452,7.533333333333333,"(790, 1046, 1074, 1289)","(715, 782, 948, 982)",9476.0,8229.0
453,7.55,"(847, 1029, 1131, 1269)","(730, 772, 963, 975)",9878.0,8173.0
454,7.566666666666666,"(905, 1008, 1195, 1250)","(742, 765, 978, 966)",10428.0,8036.0
455,7.583333333333333,"(966, 990, 1251, 1218)","(758, 755, 989, 954)",9675.0,8222.0
456,7.6,"(1021, 958, 1292, 1192)","(769, 751, 1001, 949)",8568.0,7649.0
457,7.616666666666666,"(1076, 930, 1355, 1162)","(779, 747, 1010, 941)",8529.0,7183.0
458,7.633333333333334,"(1128, 898, 1395, 1118)","(784, 741, 1018, 937)",9368.0,6810.0
459,7.65,"(1172, 859, 1430, 1078)","(792, 734, 1025, 934)",8993.0,6733.0
460,7.666666666666667,"(1214, 825, 1467, 1036)","(798, 729, 1032, 928)",9857.0,6102.0
461,7.683333333333334,"(1246, 789, 1497, 995)","(803, 725, 1035, 925)",9646.0,5987.0
462,7.7,"(1271, 746, 1524, 953)","(804, 724, 1038, 921)",10371.0,2902.0
463,7.716666666666667,"(1295, 708, 1542, 912)","(803, 717, 1036, 915)",9723.0,3634.0
464,7.733333333333333,"(1313, 670, 1555, 873)","(803, 717, 1035, 912)",8503.0,1657.0
465,7.75,"(1326, 631, 1566, 836)","(800, 715, 1034, 910)",7749.0,5376.0
466,7.766666666666667,"(1335, 603, 1574, 794)","(796, 713, 1032, 909)",7470.0,5147.0
467,7.783333333333333,"(1343, 570, 1575, 761)","(790, 712, 1026, 908)",7544.0,4600.0
468,7.8,"(1347, 535, 1565, 726)","(783, 710, 1019, 908)",7667.0,5183.0
469,7.816666666666666,"(1346, 507, 1561, 690)","(776, 708, 1010, 908)",7679.0,5595.0
470,7.833333333333333,"(1337, 473, 1553, 661)","(768, 708, 1000, 910)",9156.0,5115.0
471,7.85,"(1327, 438, 1546, 631)","(757, 707, 986, 909)",8798.0,5862.0
472,7.866666666666666,"(1314, 425, 1534, 607)","(742, 708, 974, 910)",8639.0,6302.0
473,7.883333333333334,"(1300, 419, 1514, 596)","(727, 708, 959, 913)",5050.0,7143.0
474,7.9,"(1272, 420, 1489, 595)","(710, 707, 939, 910)",4445.0,8017.0
475,7.916666666666667,"(1248, 421, 1466, 601)","(690, 711, 924, 915)",4576.0,8724.0
476,7.933333333333334,"(1217, 424, 1436, 607)","(672, 711, 904, 921)",4401.0,7462.0
477,7.95,"(1188, 428, 1405, 612)","(647, 714, 883, 922)",4386.0,7962.0
478,7.966666666666667,"(1158, 443, 1375, 627)","(622, 715, 862, 926)",4866.0,8144.0
479,7.983333333333333,"(1123, 455, 1340, 636)","(594, 717, 836, 930)",5431.0,8774.0
480,8.0,"(1092, 465, 1310, 644)","(573, 722, 813, 938)",6889.0,8616.0
481,8.016666666666667,"(1059, 468, 1277, 646)","(544, 731, 784, 946)",7144.0,8458.0
482,8.033333333333333,"(1019, 467, 1240, 656)","(516, 739, 753, 954)",7460.0,8516.0
483,8.05,"(982, 474, 1207, 665)","(486, 752, 725, 970)",7476.0,8711.0
484,8.066666666666666,"(945, 479, 1174, 669)","(456, 765, 700, 986)",5853.0,9057.0
485,8.083333333333334,"(911, 483, 1135, 679)","(421, 781, 676, 1008)",5493.0,9512.0
486,8.1,"(874, 489, 1099, 687)","(401, 802, 657, 1025)",5534.0,9828.0
487,8.116666666666667,"(831, 504, 1057, 692)","(387, 816, 641, 1050)",5443.0,10254.0
488,8.133333333333333,"(794, 515, 1014, 699)","(375, 843, 629, 1071)",6791.0,10969.0
489,8.15,"(743, 525, 976, 718)","(363, 862, 623, 1096)",7564.0,11836.0
490,8.166666666666666,"(696, 537, 926, 735)","(360, 888, 623, 1120)",8462.0,11655.0
491,8.183333333333334,"(644, 560, 880, 757)","(359, 909, 623, 1145)",8912.0,9612.0
492,8.2,"(590, 580, 836, 784)","(364, 931, 629, 1166)",8893.0,13513.0
493,8.216666666666667,"(541, 605, 787, 813)","(372, 949, 643, 1184)",8510.0,13481.0
494,8.233333333333333,"(503, 633, 744, 844)","(390, 963, 658, 1203)",7951.0,13149.0
495,8.25,"(455, 667, 702, 882)","(404, 981, 677, 1218)",7893.0,12961.0
496,8.266666666666667,"(416, 697, 662, 919)","(425, 993, 702, 1231)",8610.0,12594.0
497,8.283333333333333,"(387, 735, 630, 964)","(450, 1002, 724, 1242)",9886.0,12335.0
498,8.3,"(348, 765, 602, 997)","(482, 1005, 754, 1246)",11398.0,10907.0
499,8.316666666666666,"(322, 802, 577, 1036)","(509, 1007, 783, 1250)",14078.0,11138.0
500,8.333333333333334,"(290, 845, 557, 1079)","(550, 1009, 820, 1256)",13981.0,12091.0
501,8.35,"(274, 881, 538, 1126)","(586, 1012, 862, 1255)",11387.0,9243.0
502,8.366666666666667,"(258, 919, 528, 1175)","(636, 1009, 910, 1253)",10823.0,9220.0
503,8.383333333333333,"(250, 958, 526, 1214)","(685, 1006, 954, 1247)",9234.0,9603.0
504,8.4,"(249, 988, 526, 1251)","(733, 1002, 1004, 1237)",6680.0,9399.0
505,8.416666666666666,"(252, 1030, 530, 1296)","(777, 992, 1049, 1219)",12081.0,9357.0
506,8.433333333333334,"(256, 1061, 539, 1328)","(825, 971, 1093, 1203)",14215.0,9689.0
507,8.45,"(272, 1087, 561, 1358)","(874, 953, 1136, 1178)",16398.0,10387.0
508,8.466666666666667,"(301, 1105, 589, 1376)","(915, 931, 1177, 1156)",17436.0,12341.0
509,8.483333333333333,"(328, 1122, 627, 1405)","(953, 903, 1219, 1127)",14437.0,11577.0
510,8.5,"(361, 1139, 656, 1416)","(989, 879, 1247, 1094)",10702.0,12165.0
511,8.516666666666667,"(403, 1142, 712, 1421)","(1026, 848, 1275, 1065)",10046.0,11389.0
512,8.533333333333333,"(453, 1144, 753, 1421)","(1060, 821, 1307, 1032)",8357.0,11552.0
513,8.55,"(503, 1146, 804, 1425)","(1082, 791, 1327, 995)",11463.0,11925.0
514,8.566666666666666,"(556, 1144, 854, 1418)","(1108, 758, 1353, 964)",11521.0,13088.0
515,8.583333333333334,"(612, 1139, 909, 1409)","(1125, 726, 1360, 932)",10848.0,13523.0
516,8.6,"(672, 1129, 967, 1398)","(1142, 701, 1372, 899)",10485.0,13881.0
517,8.616666666666667,"(718, 1120, 1011, 1383)","(1155, 670, 1384, 872)",8974.0,12555.0
518,8.633333333333333,"(775, 1110, 1070, 1373)","(1163, 648, 1396, 841)",10206.0,11304.0
519,8.65,"(832, 1098, 1112, 1363)","(1166, 616, 1401, 812)",11111.0,10417.0
520,8.666666666666666,"(879, 1083, 1167, 1342)","(1171, 587, 1399, 784)",12200.0,9432.0
521,8.683333333333334,"(931, 1066, 1216, 1317)","(1171, 567, 1399, 760)",12636.0,7255.0
522,8.7,"(978, 1050, 1261, 1295)","(1167, 540, 1390, 734)",9918.0,9058.0
523,8.716666666666667,"(1028, 1029, 1320, 1277)","(1160, 520, 1383, 710)",9742.0,9331.0
524,8.733333333333333,"(1089, 1005, 1363, 1244)","(1154, 491, 1373, 690)",10080.0,8607.0
525,8.75,"(1141, 979, 1414, 1210)","(1139, 476, 1362, 668)",11026.0,8364.0
526,8.766666666666667,"(1178, 950, 1462, 1180)","(1125, 470, 1350, 648)",11283.0,8255.0
527,8.783333333333333,"(1221, 909, 1491, 1142)","(1108, 449, 1327, 635)",10150.0,7546.0
528,8.8,"(1261, 878, 1521, 1101)","(1091, 430, 1307, 620)",9731.0,6748.0
529,8.816666666666666,"(1291, 842, 1553, 1059)","(1071, 423, 1287, 608)",10153.0,6645.0
530,8.833333333333334,"(1314, 800, 1571, 1018)","(1052, 419, 1270, 597)",11145.0,6263.0
531,8.85,"(1329, 763, 1591, 974)","(1026, 418, 1239, 591)",9970.0,5042.0
532,8.866666666666667,"(1349, 727, 1603, 936)","(1004, 418, 1215, 587)",8789.0,4935.0
533,8.883333333333333,"(1356, 682, 1608, 894)","(976, 418, 1186, 584)",8952.0,5105.0
534,8.9,"(1364, 658, 1611, 853)","(953, 416, 1162, 578)",10557.0,5117.0
535,8.916666666666666,"(1364, 621, 1608, 820)","(921, 418, 1133, 576)",8559.0,4799.0
536,8.933333333333334,"(1363, 593, 1597, 790)","(889, 417, 1100, 583)",6437.0,4754.0
537,8.95,"(1359, 560, 1581, 748)","(860, 417, 1073, 591)",6112.0,5201.0
538,8.966666666666667,"(1352, 532, 1572, 718)","(823, 419, 1038, 590)",7555.0,5560.0
539,8.983333333333333,"(1337, 503, 1556, 690)","(787, 420, 1008, 593)",8233.0,5926.0
540,9.0,"(1319, 476, 1539, 665)","(761, 421, 973, 597)",8568.0,5961.0
541,9.016666666666667,"(1302, 456, 1517, 642)","(725, 422, 940, 603)",6302.0,6375.0
542,9.033333333333333,"(1273, 429, 1498, 618)","(682, 424, 903, 611)",5947.0,6953.0
543,9.05,"(1251, 422, 1467, 597)","(641, 428, 866, 622)",7734.0,7137.0
544,9.066666666666666,"(1218, 419, 1435, 589)","(609, 435, 829, 636)",7520.0,7705.0
545,9.083333333333334,"(1186, 417, 1407, 589)","(573, 466, 789, 652)",5733.0,7267.0
546,9.1,"(1147, 419, 1362, 595)","(533, 476, 753, 667)",7561.0,7921.0
547,9.116666666666667,"(1109, 421, 1328, 604)","(499, 484, 718, 685)",6105.0,7361.0
548,9.133333333333333,"(1067, 431, 1290, 614)","(466, 501, 687, 702)",7087.0,7595.0
549,9.15,"(1026, 439, 1247, 630)","(435, 522, 656, 730)",8562.0,8110.0
550,9.166666666666666,"(982, 455, 1201, 640)","(395, 552, 633, 759)",8461.0,9288.0
551,9.183333333333334,"(937, 467, 1171, 657)","(370, 580, 604, 791)",7503.0,9968.0
552,9.2,"(905, 478, 1130, 673)","(346, 611, 579, 825)",6026.0,10102.0
553,9.216666666666667,"(871, 492, 1086, 689)","(327, 643, 561, 860)",6282.0,9579.0
554,9.233333333333333,"(825, 513, 1052, 703)","(303, 669, 548, 898)",8912.0,10064.0
555,9.25,"(777, 529, 1011, 729)","(294, 707, 537, 937)",8636.0,11771.0
556,9.266666666666667,"(739, 547, 967, 748)","(284, 743, 530, 979)",8244.0,12054.0
557,9.283333333333333,"(689, 575, 925, 778)","(277, 781, 530, 1023)",7545.0,11919.0
558,9.3,"(652, 597, 884, 799)","(277, 816, 534, 1062)",9262.0,9541.0
559,9.316666666666666,"(607, 623, 840, 834)","(272, 854, 540, 1098)",10108.0,11783.0
560,9.333333333333334,"(572, 656, 809, 865)","(280, 889, 554, 1133)",9688.0,12425.0
561,9.35,"(541, 680, 780, 897)","(297, 924, 571, 1173)",8661.0,12187.0
562,9.366666666666667,"(510, 716, 745, 929)","(315, 952, 594, 1204)",8598.0,13107.0
563,9.383333333333333,"(481, 748, 721, 965)","(346, 984, 617, 1238)",11623.0,13916.0
564,9.4,"(450, 771, 697, 1004)","(376, 1015, 649, 1275)",13640.0,15314.0
565,9.416666666666666,"(435, 804, 678, 1035)","(410, 1046, 687, 1306)",12470.0,16868.0
566,9.433333333333334,"(417, 841, 669, 1067)","(448, 1062, 727, 1325)",12773.0,18401.0
567,9.45,"(402, 870, 656, 1105)","(493, 1079, 784, 1355)",14097.0,21279.0
568,9.466666666666667,"(397, 905, 652, 1153)","(538, 1098, 826, 1374)",18434.0,22573.0
569,9.483333333333333,"(397, 940, 658, 1181)","(588, 1113, 895, 1390)",16985.0,22804.0
570,9.5,"(399, 970, 667, 1221)","(643, 1128, 946, 1406)",17027.0,22412.0
571,9.516666666666667,"(408, 1003, 680, 1265)","(698, 1135, 997, 1417)",14606.0,20644.0
572,9.533333333333333,"(417, 1044, 694, 1301)","(758, 1146, 1055, 1432)",17166.0,13711.0
573,9.55,"(439, 1074, 711, 1334)","(810, 1149, 1110, 1434)",17403.0,12631.0
574,9.566666666666666,"(457, 1100, 742, 1382)","(870, 1148, 1180, 1435)",15035.0,12179.0
575,9.583333333333334,"(484, 1127, 768, 1404)","(930, 1144, 1243, 1425)",12014.0,14821.0
576,9.6,"(505, 1143, 800, 1419)","(992, 1141, 1298, 1422)",12163.0,11845.0
577,9.616666666666667,"(544, 1157, 828, 1435)","(1056, 1134, 1364, 1415)",15311.0,12379.0
578,9.633333333333333,"(581, 1164, 870, 1444)","(1114, 1124, 1411, 1398)",13981.0,14085.0
579,9.65,"(608, 1171, 918, 1457)","(1173, 1113, 1472, 1386)",10381.0,12508.0
580,9.666666666666666,"(662, 1178, 960, 1458)","(1219, 1101, 1521, 1365)",11067.0,13414.0
581,9.683333333333334,"(703, 1185, 1005, 1465)","(1272, 1081, 1580, 1346)",12099.0,12775.0
582,9.7,"(752, 1187, 1052, 1463)","(1323, 1059, 1627, 1325)",9763.0,14483.0
583,9.716666666666667,"(792, 1177, 1101, 1460)","(1371, 1035, 1678, 1301)",9477.0,13016.0
584,9.733333333333333,"(846, 1172, 1149, 1453)","(1415, 1010, 1713, 1270)",10693.0,14224.0
585,9.75,"(894, 1163, 1201, 1437)","(1455, 986, 1752, 1242)",13411.0,15686.0
586,9.766666666666667,"(947, 1148, 1249, 1412)","(1486, 959, 1782, 1204)",12841.0,13549.0
587,9.783333333333333,"(992, 1124, 1286, 1390)","(1516, 930, 1808, 1179)",11945.0,11744.0
588,9.8,"(1037, 1101, 1325, 1362)","(1541, 901, 1824, 1146)",11620.0,13494.0
589,9.816666666666666,"(1075, 1075, 1359, 1324)","(1559, 864, 1844, 1110)",14105.0,13479.0
590,9.833333333333334,"(1105, 1048, 1389, 1297)","(1572, 833, 1855, 1068)",11523.0,13324.0
591,9.85,"(1144, 1018, 1420, 1265)","(1581, 796, 1861, 1028)",10552.0,15686.0
592,9.866666666666667,"(1174, 992, 1449, 1223)","(1582, 763, 1864, 992)",13603.0,12797.0
593,9.883333333333333,"(1203, 957, 1470, 1190)","(1582, 728, 1856, 951)",12242.0,9535.0
594,9.9,"(1225, 925, 1491, 1156)","(1580, 697, 1850, 911)",10503.0,11662.0
595,9.916666666666666,"(1251, 891, 1512, 1112)","(1579, 662, 1835, 877)",11484.0,10093.0
596,9.933333333333334,"(1258, 858, 1521, 1078)","(1569, 620, 1824, 838)",12829.0,11155.0
597,9.95,"(1268, 822, 1530, 1045)","(1555, 597, 1805, 801)",10033.0,13206.0
598,9.966666666666667,"(1276, 793, 1537, 1003)","(1544, 566, 1789, 774)",10461.0,11241.0
599,9.983333333333333,"(1276, 759, 1538, 968)","(1526, 536, 1768, 744)",10335.0,9892.0
600,10.0,"(1274, 724, 1522, 936)","(1501, 507, 1745, 715)",8162.0,10647.0
601,10.016666666666667,"(1269, 697, 1514, 900)","(1471, 483, 1715, 689)",8381.0,12026.0
602,10.033333333333333,"(1261, 665, 1502, 872)","(1447, 467, 1693, 667)",10769.0,12829.0
603,10.05,"(1247, 635, 1483, 841)","(1409, 440, 1650, 655)",9062.0,9290.0
604,10.066666666666666,"(1229, 611, 1470, 810)","(1368, 437, 1607, 647)",7829.0,8853.0
605,10.083333333333334,"(1183, 599, 1428, 796)","(1354, 426, 1576, 630)",7518.0,8884.0
606,10.1,"(1129, 592, 1373, 790)","(1347, 419, 1567, 605)",8013.0,11792.0
607,10.116666666666667,"(1080, 587, 1322, 787)","(1328, 417, 1554, 594)",6666.0,7825.0
608,10.133333333333333,"(1028, 578, 1272, 778)","(1305, 416, 1531, 578)",6617.0,6865.0
609,10.15,"(980, 573, 1219, 770)","(1288, 415, 1512, 575)",7793.0,6022.0
610,10.166666666666666,"(931, 570, 1173, 763)","(1268, 417, 1488, 577)",6604.0,6481.0
611,10.183333333333334,"(890, 570, 1123, 758)","(1246, 417, 1468, 576)",5447.0,5468.0
612,10.2,"(845, 565, 1073, 748)","(1226, 416, 1445, 573)",7464.0,6553.0
613,10.216666666666667,"(802, 562, 1036, 744)","(1208, 416, 1424, 567)",6446.0,5520.0
614,10.233333333333333,"(763, 560, 989, 743)","(1194, 414, 1408, 567)",5390.0,4605.0
615,10.25,"(724, 560, 943, 742)","(1173, 415, 1388, 559)",5719.0,5562.0
616,10.266666666666667,"(676, 561, 901, 749)","(1156, 417, 1373, 560)",6774.0,5145.0
617,10.283333333333333,"(633, 567, 864, 756)","(1142, 414, 1362, 559)",6143.0,4579.0
618,10.3,"(591, 572, 821, 766)","(1124, 414, 1346, 555)",7096.0,4993.0
619,10.316666666666666,"(550, 580, 785, 776)","(1113, 414, 1333, 554)",8185.0,3888.0
620,10.333333333333334,"(517, 591, 751, 788)","(1101, 414, 1319, 554)",7191.0,4027.0
621,10.35,"(484, 607, 714, 804)","(1087, 415, 1303, 552)",6674.0,3903.0
622,10.366666666666667,"(445, 621, 679, 819)","(1072, 414, 1288, 554)",9252.0,4173.0
623,10.383333333333333,"(414, 635, 650, 836)","(1061, 417, 1277, 556)",8417.0,4547.0
624,10.4,"(376, 656, 620, 860)","(1050, 414, 1266, 553)",7219.0,5365.0
625,10.416666666666666,"(343, 674, 590, 886)","(1032, 415, 1247, 554)",10149.0,4196.0
626,10.433333333333334,"(315, 693, 563, 904)","(1021, 417, 1231, 560)",9790.0,5440.0
627,10.45,"(292, 714, 539, 928)","(1004, 414, 1219, 571)",7438.0,5934.0
628,10.466666666666667,"(261, 741, 518, 955)","(982, 418, 1197, 581)",10384.0,6899.0
629,10.483333333333333,"(241, 762, 504, 984)","(965, 419, 1179, 601)",11095.0,7544.0
630,10.5,"(228, 789, 493, 1007)","(946, 423, 1162, 615)",8379.0,7840.0
631,10.516666666666667,"(221, 814, 490, 1033)","(927, 431, 1146, 634)",12020.0,7422.0
632,10.533333333333333,"(221, 841, 491, 1069)","(916, 446, 1130, 646)",11077.0,7184.0
633,10.55,"(221, 865, 496, 1103)","(903, 461, 1119, 664)",8654.0,9080.0
634,10.566666666666666,"(225, 899, 501, 1135)","(890, 479, 1113, 687)",10527.0,9880.0
635,10.583333333333334,"(233, 923, 508, 1169)","(879, 503, 1100, 713)",13647.0,9645.0
636,10.6,"(248, 948, 527, 1197)","(866, 523, 1084, 736)",12638.0,8682.0
637,10.616666666666667,"(259, 976, 538, 1222)","(850, 550, 1071, 761)",9238.0,9774.0
638,10.633333333333333,"(286, 996, 559, 1244)","(829, 574, 1054, 793)",12963.0,11181.0
639,10.65,"(306, 1014, 588, 1269)","(816, 603, 1036, 824)",12749.0,10086.0
640,10.666666666666666,"(328, 1032, 611, 1284)","(798, 638, 1024, 858)",8137.0,10116.0
641,10.683333333333334,"(359, 1049, 642, 1303)","(786, 667, 1014, 891)",12963.0,11064.0
642,10.7,"(396, 1058, 680, 1318)","(775, 698, 1008, 928)",12307.0,13352.0
643,10.716666666666667,"(429, 1072, 711, 1326)","(772, 723, 1000, 965)",8223.0,12870.0
644,10.733333333333333,"(468, 1079, 746, 1338)","(766, 764, 998, 999)",10778.0,12054.0
645,10.75,"(503, 1084, 793, 1342)","(763, 797, 998, 1031)",11525.0,12112.0
646,10.766666666666667,"(541, 1089, 828, 1343)","(763, 822, 1004, 1068)",7508.0,11301.0
647,10.783333333333333,"(593, 1091, 874, 1343)","(768, 853, 1009, 1099)",8790.0,16353.0
648,10.8,"(638, 1086, 916, 1340)","(772, 886, 1018, 1127)",12958.0,16233.0
649,10.816666666666666,"(657, 1084, 927, 1329)","(785, 910, 1031, 1152)",11293.0,15540.0
650,10.833333333333334,"(654, 1083, 932, 1327)","(823, 925, 1072, 1164)",8267.0,16520.0
651,10.85,"(649, 1084, 930, 1337)","(862, 933, 1116, 1175)",8915.0,11714.0
652,10.866666666666667,"(646, 1086, 932, 1344)","(897, 947, 1161, 1191)",10311.0,12154.0
653,10.883333333333333,"(646, 1097, 937, 1354)","(936, 953, 1201, 1206)",6007.0,15769.0
654,10.9,"(648, 1108, 935, 1372)","(980, 963, 1247, 1217)",8310.0,11220.0
655,10.916666666666666,"(656, 1135, 940, 1396)","(1023, 979, 1287, 1222)",13304.0,11590.0
656,10.933333333333334,"(670, 1151, 944, 1403)","(1060, 983, 1325, 1233)",7251.0,13678.0
657,10.95,"(676, 1144, 948, 1397)","(1091, 997, 1369, 1248)",7158.0,13247.0
658,10.966666666666667,"(685, 1134, 962, 1371)","(1129, 1006, 1403, 1260)",8768.0,12179.0
659,10.983333333333333,"(687, 1124, 965, 1370)","(1159, 1006, 1439, 1265)",5744.0,12372.0
660,11.0,"(691, 1112, 974, 1358)","(1190, 1017, 1476, 1273)",6810.0,14841.0
661,11.016666666666667,"(698, 1106, 978, 1352)","(1220, 1032, 1502, 1291)",8808.0,11996.0
662,11.033333333333333,"(704, 1103, 980, 1342)","(1247, 1038, 1536, 1301)",6917.0,14505.0
663,11.05,"(708, 1097, 987, 1328)","(1270, 1046, 1567, 1311)",7524.0,16628.0
664,11.066666666666666,"(706, 1087, 984, 1324)","(1296, 1057, 1587, 1323)",5362.0,13010.0
665,11.083333333333334,"(707, 1080, 985, 1316)","(1319, 1060, 1617, 1333)",4079.0,14126.0
666,11.1,"(705, 1078, 979, 1311)","(1338, 1067, 1638, 1333)",5699.0,10838.0
667,11.116666666666667,"(700, 1073, 971, 1302)","(1358, 1069, 1655, 1335)",6925.0,11924.0
668,11.133333333333333,"(696, 1063, 975, 1305)","(1370, 1065, 1677, 1341)",6462.0,12581.0
669,11.15,"(692, 1057, 970, 1298)","(1387, 1071, 1693, 1345)",6748.0,11992.0
670,11.166666666666666,"(693, 1054, 966, 1285)","(1405, 1077, 1708, 1349)",4254.0,11262.0
671,11.183333333333334,"(691, 1050, 962, 1283)","(1415, 1078, 1725, 1357)",5051.0,11076.0
672,11.2,"(688, 1043, 961, 1273)","(1415, 1073, 1725, 1354)",6370.0,4982.0
673,11.216666666666667,"(687, 1039, 963, 1276)","(1416, 1061, 1718, 1337)",4102.0,8148.0
674,11.233333333333333,"(684, 1036, 956, 1266)","(1409, 1050, 1713, 1317)",7052.0,16223.0
675,11.25,"(684, 1030, 952, 1248)","(1403, 1042, 1703, 1295)",3834.0,15104.0
676,11.266666666666667,"(681, 1021, 951, 1257)","(1398, 1028, 1692, 1277)",6203.0,12008.0
677,11.283333333333333,"(681, 1014, 946, 1246)","(1384, 1012, 1682, 1263)",3374.0,13211.0
678,11.3,"(680, 1007, 942, 1239)","(1374, 1004, 1664, 1246)",4766.0,11965.0
679,11.316666666666666,"(677, 1001, 938, 1224)","(1369, 987, 1652, 1236)",6507.0,11018.0
680,11.333333333333334,"(674, 994, 936, 1217)","(1358, 982, 1639, 1224)",6178.0,10665.0
681,11.35,"(662, 984, 928, 1214)","(1346, 974, 1635, 1213)",7167.0,9051.0
682,11.366666666666667,"(657, 979, 920, 1200)","(1335, 966, 1615, 1203)",6792.0,10123.0
683,11.383333333333333,"(653, 963, 914, 1189)","(1321, 963, 1603, 1198)",7523.0,10681.0
684,11.4,"(646, 956, 908, 1177)","(1306, 957, 1583, 1192)",7252.0,9526.0
685,11.416666666666666,"(638, 951, 900, 1170)","(1286, 950, 1564, 1187)",8822.0,8646.0
686,11.433333333333334,"(633, 938, 889, 1151)","(1268, 948, 1547, 1185)",7898.0,9782.0
687,11.45,"(623, 924, 882, 1137)","(1252, 944, 1521, 1184)",7257.0,9778.0
688,11.466666666666667,"(609, 915, 870, 1132)","(1226, 946, 1502, 1182)",7486.0,8881.0
689,11.483333333333333,"(597, 905, 856, 1115)","(1205, 948, 1476, 1184)",6604.0,8822.0
690,11.5,"(584, 891, 840, 1104)","(1179, 949, 1452, 1183)",10928.0,8175.0
691,11.516666666666667,"(575, 883, 828, 1090)","(1157, 949, 1424, 1180)",7672.0,8932.0
692,11.533333333333333,"(559, 871, 815, 1082)","(1130, 954, 1402, 1184)",8358.0,10334.0
693,11.55,"(544, 861, 795, 1074)","(1107, 951, 1373, 1183)",7526.0,10348.0
694,11.566666666666666,"(532, 854, 784, 1067)","(1081, 950, 1344, 1183)",6662.0,9245.0
695,11.583333333333334,"(513, 848, 770, 1058)","(1061, 951, 1322, 1189)",7645.0,9772.0
696,11.6,"(497, 841, 748, 1045)","(1034, 953, 1302, 1185)",6815.0,9876.0
697,11.616666666666667,"(483, 833, 733, 1043)","(1010, 955, 1277, 1186)",8721.0,8328.0
698,11.633333333333333,"(467, 827, 723, 1035)","(986, 957, 1247, 1185)",6885.0,7208.0
699,11.65,"(449, 818, 702, 1032)","(960, 954, 1224, 1187)",7834.0,9245.0
700,11.666666666666666,"(430, 816, 690, 1028)","(936, 955, 1196, 1188)",7786.0,7365.0
701,11.683333333333334,"(420, 814, 677, 1028)","(912, 955, 1171, 1190)",5496.0,6569.0
702,11.7,"(404, 815, 664, 1028)","(884, 957, 1148, 1188)",6033.0,9677.0
703,11.716666666666667,"(398, 812, 654, 1026)","(866, 960, 1124, 1192)",5725.0,9990.0
704,11.733333333333333,"(389, 815, 647, 1037)","(839, 961, 1101, 1186)",8086.0,9969.0
705,11.75,"(386, 820, 644, 1035)","(814, 960, 1075, 1187)",4910.0,9585.0
706,11.766666666666667,"(382, 820, 640, 1035)","(790, 957, 1049, 1187)",2583.0,9604.0
707,11.783333333333333,"(381, 820, 636, 1042)","(765, 954, 1025, 1186)",2762.0,9968.0
708,11.8,"(385, 825, 642, 1048)","(743, 954, 1000, 1187)",5713.0,7376.0
709,11.816666666666666,"(385, 827, 641, 1044)","(720, 955, 987, 1182)",3475.0,8901.0
710,11.833333333333334,"(389, 827, 648, 1043)","(691, 955, 961, 1181)",3172.0,6932.0
711,11.85,"(390, 830, 649, 1052)","(675, 951, 934, 1180)",4173.0,7659.0
712,11.866666666666667,"(399, 833, 656, 1049)","(646, 947, 916, 1177)",9019.0,9638.0
713,11.883333333333333,"(406, 833, 666, 1053)","(623, 946, 895, 1176)",7814.0,8860.0
714,11.9,"(413, 836, 678, 1046)","(613, 949, 884, 1186)",12190.0,8807.0
715,11.916666666666666,"(405, 808, 666, 1022)","(623, 968, 889, 1210)",14247.0,11536.0
716,11.933333333333334,"(401, 790, 656, 991)","(630, 984, 893, 1219)",13957.0,10322.0
717,11.95,"(394, 766, 647, 976)","(635, 997, 904, 1241)",11012.0,12853.0
718,11.966666666666667,"(386, 750, 640, 953)","(649, 1009, 925, 1257)",10991.0,10735.0
719,11.983333333333333,"(374, 724, 627, 931)","(669, 1024, 940, 1265)",10706.0,13069.0
720,12.0,"(364, 708, 619, 910)","(687, 1034, 963, 1276)",11554.0,12159.0
721,12.016666666666667,"(356, 684, 601, 887)","(713, 1038, 990, 1286)",10588.0,14224.0
722,12.033333333333333,"(349, 669, 598, 869)","(737, 1045, 1015, 1290)",11567.0,14030.0
723,12.05,"(340, 647, 584, 842)","(770, 1047, 1046, 1288)",10850.0,11005.0
724,12.066666666666666,"(330, 630, 579, 830)","(792, 1039, 1070, 1283)",10854.0,10113.0
725,12.083333333333334,"(323, 611, 567, 799)","(824, 1034, 1097, 1275)",10686.0,9591.0
726,12.1,"(321, 599, 557, 786)","(848, 1031, 1122, 1267)",8966.0,10275.0
727,12.116666666666667,"(314, 575, 549, 763)","(873, 1019, 1145, 1259)",8985.0,11284.0
728,12.133333333333333,"(307, 555, 542, 743)","(901, 1002, 1166, 1240)",8479.0,13555.0
729,12.15,"(303, 535, 534, 725)","(919, 992, 1188, 1224)",9088.0,12357.0
730,12.166666666666666,"(298, 520, 528, 711)","(940, 974, 1206, 1199)",5922.0,13179.0
731,12.183333333333334,"(292, 507, 519, 692)","(960, 947, 1217, 1177)",6557.0,11890.0
732,12.2,"(290, 492, 515, 683)","(969, 932, 1227, 1158)",4514.0,11001.0
733,12.216666666666667,"(287, 486, 520, 676)","(977, 909, 1230, 1129)",3613.0,12036.0
734,12.233333333333333,"(288, 479, 519, 671)","(984, 886, 1234, 1105)",2508.0,14169.0
735,12.25,"(287, 476, 520, 667)","(989, 861, 1241, 1078)",1995.0,14541.0
736,12.266666666666667,"(290, 475, 521, 666)","(987, 845, 1235, 1054)",2182.0,12881.0
737,12.283333333333333,"(291, 477, 521, 668)","(986, 814, 1227, 1028)",1381.0,10349.0
738,12.3,"(294, 480, 526, 677)","(982, 793, 1227, 1009)",3704.0,11093.0
739,12.316666666666666,"(298, 488, 526, 686)","(977, 771, 1218, 983)",5062.0,11732.0
740,12.333333333333334,"(306, 497, 535, 695)","(968, 749, 1209, 957)",5535.0,12261.0
741,12.35,"(311, 504, 538, 695)","(958, 733, 1190, 939)",2808.0,11803.0
742,12.366666666666667,"(323, 507, 547, 704)","(939, 712, 1178, 916)",5056.0,11073.0
743,12.383333333333333,"(329, 519, 555, 721)","(925, 694, 1161, 898)",6259.0,10991.0
744,12.4,"(343, 531, 561, 733)","(913, 675, 1142, 882)",5441.0,9629.0
745,12.416666666666666,"(347, 542, 577, 744)","(887, 664, 1125, 867)",7805.0,8955.0
746,12.433333333333334,"(361, 552, 590, 752)","(871, 648, 1097, 848)",5834.0,8642.0
747,12.45,"(374, 561, 603, 770)","(844, 633, 1079, 839)",7348.0,8241.0
748,12.466666666666667,"(388, 578, 620, 783)","(826, 623, 1054, 823)",8547.0,8708.0
749,12.483333333333333,"(399, 593, 636, 796)","(795, 609, 1025, 810)",10999.0,8854.0
750,12.5,"(417, 606, 654, 804)","(776, 607, 998, 804)",8232.0,8624.0
751,12.516666666666667,"(441, 619, 671, 823)","(747, 593, 976, 792)",11863.0,8004.0
752,12.533333333333333,"(458, 625, 695, 841)","(721, 585, 946, 791)",11174.0,6941.0
753,12.55,"(455, 649, 697, 842)","(711, 582, 949, 812)",6795.0,7592.0
754,12.566666666666666,"(429, 642, 653, 837)","(744, 591, 984, 815)",8851.0,11791.0
755,12.583333333333334,"(366, 629, 621, 826)","(800, 614, 1033, 850)",9427.0,17010.0
756,12.6,"(326, 626, 572, 822)","(835, 633, 1069, 855)",12442.0,10511.0
757,12.616666666666667,"(289, 612, 542, 817)","(883, 641, 1120, 879)",11469.0,12095.0
758,12.633333333333333,"(248, 617, 496, 816)","(934, 655, 1180, 894)",10552.0,14971.0
759,12.65,"(217, 604, 459, 802)","(970, 675, 1223, 916)",10854.0,15637.0
760,12.666666666666666,"(176, 607, 428, 794)","(1021, 684, 1274, 925)",12282.0,13666.0
761,12.683333333333334,"(152, 601, 403, 797)","(1072, 695, 1320, 936)",11193.0,11190.0
762,12.7,"(129, 588, 385, 791)","(1124, 710, 1369, 968)",7949.0,11532.0
763,12.716666666666667,"(113, 587, 362, 787)","(1168, 731, 1415, 977)",9335.0,12896.0
764,12.733333333333333,"(110, 597, 364, 794)","(1208, 743, 1473, 992)",7546.0,17923.0
765,12.75,"(107, 606, 361, 804)","(1247, 758, 1514, 1011)",10877.0,20094.0
766,12.766666666666667,"(107, 617, 361, 823)","(1289, 767, 1554, 1022)",6920.0,13275.0
767,12.783333333333333,"(119, 626, 369, 839)","(1325, 782, 1588, 1039)",14507.0,16259.0
768,12.8,"(116, 641, 374, 853)","(1362, 795, 1627, 1051)",11561.0,16472.0
769,12.816666666666666,"(121, 661, 369, 858)","(1388, 805, 1664, 1071)",6856.0,21074.0
770,12.833333333333334,"(117, 666, 373, 869)","(1417, 814, 1698, 1080)",8888.0,19145.0
771,12.85,"(118, 667, 376, 881)","(1443, 830, 1719, 1085)",7294.0,21204.0
772,12.866666666666667,"(122, 673, 384, 886)","(1460, 834, 1748, 1097)",9407.0,23589.0
773,12.883333333333333,"(122, 680, 383, 897)","(1484, 844, 1772, 1109)",7076.0,21405.0
774,12.9,"(126, 693, 384, 899)","(1505, 853, 1796, 1129)",6542.0,24510.0
775,12.916666666666666,"(127, 692, 388, 906)","(1519, 859, 1813, 1137)",9459.0,30420.0
776,12.933333333333334,"(135, 700, 397, 919)","(1538, 875, 1830, 1139)",10394.0,24521.0
777,12.95,"(149, 717, 407, 936)","(1551, 883, 1850, 1154)",11701.0,22155.0
778,12.966666666666667,"(152, 728, 414, 951)","(1559, 900, 1862, 1169)",15397.0,24109.0
779,12.983333333333333,"(170, 724, 421, 953)","(1575, 913, 1878, 1179)",12017.0,23802.0
780,13.0,"(176, 740, 435, 966)","(1584, 926, 1888, 1197)",12246.0,25323.0
781,13.016666666666667,"(191, 749, 453, 976)","(1578, 937, 1878, 1216)",13367.0,30110.0
782,13.033333333333333,"(196, 761, 467, 988)","(1558, 936, 1856, 1221)",15387.0,24667.0
783,13.05,"(212, 762, 478, 995)","(1533, 942, 1820, 1224)",15186.0,23037.0
784,13.066666666666666,"(232, 770, 496, 1004)","(1510, 949, 1791, 1215)",14361.0,20842.0
785,13.083333333333334,"(251, 780, 514, 1017)","(1478, 947, 1769, 1209)",14495.0,13376.0
786,13.1,"(271, 798, 533, 1030)","(1456, 947, 1734, 1203)",15924.0,12573.0
787,13.116666666666667,"(286, 796, 548, 1035)","(1430, 946, 1706, 1199)",16596.0,12201.0
788,13.133333333333333,"(303, 803, 557, 1047)","(1400, 949, 1671, 1206)",15615.0,12683.0
789,13.15,"(322, 812, 580, 1053)","(1384, 953, 1650, 1195)",15401.0,11115.0
790,13.166666666666666,"(341, 822, 600, 1068)","(1362, 958, 1626, 1195)",16493.0,10117.0
791,13.183333333333334,"(358, 832, 617, 1075)","(1341, 963, 1605, 1195)",16284.0,11267.0
792,13.2,"(382, 835, 633, 1083)","(1317, 968, 1585, 1196)",16953.0,9289.0
793,13.216666666666667,"(396, 851, 653, 1096)","(1293, 981, 1564, 1197)",16429.0,6824.0
794,13.233333333333333,"(417, 863, 673, 1111)","(1269, 987, 1537, 1207)",18118.0,9061.0
795,13.25,"(437, 874, 689, 1123)","(1246, 998, 1518, 1213)",17368.0,7591.0
796,13.266666666666667,"(454, 877, 705, 1129)","(1220, 1008, 1499, 1216)",17393.0,6929.0
797,13.283333333333333,"(477, 888, 723, 1138)","(1207, 1008, 1480, 1224)",17954.0,5536.0
798,13.3,"(494, 900, 744, 1152)","(1190, 1018, 1463, 1228)",17989.0,6761.0
799,13.316666666666666,"(513, 910, 769, 1162)","(1167, 1024, 1439, 1229)",18921.0,5835.0
800,13.333333333333334,"(535, 915, 789, 1172)","(1146, 1028, 1420, 1231)",18908.0,5586.0
801,13.35,"(558, 921, 808, 1177)","(1118, 1029, 1396, 1231)",19747.0,4717.0
802,13.366666666666667,"(583, 932, 830, 1184)","(1095, 1019, 1370, 1231)",18417.0,6033.0
803,13.383333333333333,"(600, 943, 856, 1197)","(1069, 1018, 1345, 1229)",19872.0,5895.0
804,13.4,"(623, 952, 880, 1210)","(1048, 1015, 1319, 1223)",20036.0,6403.0
805,13.416666666666666,"(645, 956, 898, 1216)","(1026, 1006, 1293, 1219)",20766.0,6721.0
806,13.433333333333334,"(675, 961, 930, 1220)","(1011, 1004, 1265, 1212)",19406.0,5969.0
807,13.45,"(695, 971, 954, 1226)","(993, 992, 1238, 1192)",20350.0,5093.0
808,13.466666666666667,"(720, 981, 978, 1235)","(975, 985, 1225, 1178)",19931.0,6058.0
809,13.483333333333333,"(733, 981, 992, 1233)","(974, 960, 1213, 1168)",14866.0,5657.0
810,13.5,"(729, 989, 986, 1227)","(979, 917, 1217, 1154)",24436.0,8414.0
811,13.516666666666667,"(731, 996, 991, 1225)","(984, 916, 1228, 1128)",12756.0,12118.0
812,13.533333333333333,"(726, 992, 996, 1229)","(989, 898, 1233, 1118)",17098.0,8351.0
813,13.55,"(722, 993, 978, 1236)","(999, 873, 1233, 1093)",18828.0,12316.0
814,13.566666666666666,"(731, 1001, 976, 1216)","(1001, 860, 1238, 1081)",19820.0,8351.0
815,13.583333333333334,"(727, 997, 990, 1224)","(1006, 840, 1233, 1065)",16478.0,10380.0
816,13.6,"(731, 991, 996, 1218)","(1009, 815, 1229, 1043)",13346.0,10483.0
817,13.616666666666667,"(732, 996, 992, 1211)","(1002, 801, 1233, 1023)",9959.0,11693.0
818,13.633333333333333,"(733, 987, 997, 1220)","(1002, 780, 1226, 1003)",10799.0,8592.0
819,13.65,"(738, 987, 1006, 1216)","(1002, 761, 1223, 986)",15093.0,8405.0
820,13.666666666666666,"(741, 993, 1005, 1211)","(1004, 744, 1230, 971)",15904.0,10504.0
821,13.683333333333334,"(739, 983, 1006, 1215)","(1005, 729, 1223, 955)",11377.0,8520.0
822,13.7,"(740, 985, 1006, 1214)","(1012, 716, 1224, 940)",8480.0,10576.0
823,13.716666666666667,"(735, 990, 1002, 1208)","(1012, 700, 1233, 927)",12902.0,9051.0
824,13.733333333333333,"(738, 977, 1000, 1211)","(1015, 687, 1228, 915)",17544.0,12229.0
825,13.75,"(743, 982, 1009, 1208)","(1020, 671, 1233, 904)",17132.0,12207.0
826,13.766666666666667,"(741, 976, 1000, 1194)","(1020, 660, 1245, 885)",11939.0,12305.0
827,13.783333333333333,"(742, 965, 1004, 1199)","(1024, 649, 1243, 876)",13633.0,17062.0
828,13.8,"(743, 972, 1009, 1188)","(1029, 632, 1251, 865)",16032.0,14796.0
829,13.816666666666666,"(748, 956, 1011, 1190)","(1032, 618, 1256, 842)",16137.0,18209.0
830,13.833333333333334,"(750, 948, 1013, 1176)","(1038, 605, 1261, 833)",17280.0,18313.0
831,13.85,"(750, 947, 1006, 1162)","(1044, 591, 1267, 822)",13520.0,15259.0
832,13.866666666666667,"(750, 933, 1010, 1163)","(1054, 579, 1275, 804)",14506.0,18722.0
833,13.883333333333333,"(749, 927, 1007, 1142)","(1063, 570, 1283, 799)",15906.0,17481.0
834,13.9,"(747, 915, 1002, 1134)","(1072, 560, 1296, 787)",16924.0,14922.0
835,13.916666666666666,"(751, 899, 1007, 1120)","(1080, 551, 1305, 768)",17838.0,17332.0
836,13.933333333333334,"(750, 901, 1001, 1109)","(1092, 534, 1318, 761)",13090.0,14326.0
837,13.95,"(745, 883, 993, 1109)","(1103, 528, 1327, 759)",15514.0,13533.0
838,13.966666666666667,"(744, 871, 992, 1090)","(1114, 521, 1341, 743)",15082.0,14787.0
839,13.983333333333333,"(740, 863, 985, 1074)","(1128, 517, 1355, 740)",18130.0,12447.0
840,14.0,"(742, 850, 992, 1070)","(1140, 513, 1372, 736)",16729.0,15716.0
841,14.016666666666667,"(742, 848, 989, 1056)","(1155, 509, 1385, 727)",11775.0,12701.0
842,14.033333333333333,"(739, 830, 981, 1050)","(1171, 506, 1397, 723)",16434.0,14005.0
843,14.05,"(739, 815, 983, 1034)","(1190, 507, 1419, 719)",14303.0,13704.0
844,14.066666666666666,"(733, 815, 977, 1020)","(1205, 508, 1437, 724)",15958.0,11807.0
845,14.083333333333334,"(737, 799, 980, 1017)","(1222, 507, 1454, 717)",16395.0,15601.0
846,14.1,"(735, 791, 977, 1001)","(1241, 511, 1472, 724)",13306.0,13536.0
847,14.116666666666667,"(729, 781, 971, 995)","(1254, 509, 1485, 729)",16126.0,13498.0
848,14.133333333333333,"(732, 766, 974, 984)","(1263, 516, 1489, 732)",16787.0,13224.0
849,14.15,"(730, 770, 972, 973)","(1270, 518, 1500, 744)",15874.0,11312.0
850,14.166666666666666,"(728, 752, 964, 964)","(1275, 529, 1511, 755)",14264.0,16386.0
851,14.183333333333334,"(730, 743, 965, 952)","(1282, 535, 1514, 756)",12386.0,10403.0
852,14.2,"(727, 738, 957, 938)","(1290, 542, 1519, 761)",14609.0,11128.0
853,14.216666666666667,"(728, 719, 960, 935)","(1299, 556, 1532, 769)",14602.0,14073.0
854,14.233333333333333,"(725, 721, 960, 923)","(1308, 564, 1541, 778)",16438.0,12468.0
855,14.25,"(725, 708, 958, 915)","(1317, 579, 1560, 797)",11836.0,16795.0
856,14.266666666666667,"(724, 700, 957, 910)","(1331, 595, 1571, 810)",10968.0,13756.0
857,14.283333333333333,"(719, 698, 950, 896)","(1336, 611, 1582, 823)",13429.0,15124.0
858,14.3,"(716, 679, 947, 898)","(1345, 625, 1592, 840)",15474.0,17953.0
859,14.316666666666666,"(719, 682, 949, 882)","(1347, 636, 1599, 858)",15087.0,13184.0
860,14.333333333333334,"(715, 673, 943, 879)","(1353, 650, 1607, 876)",12119.0,16766.0
861,14.35,"(711, 662, 943, 878)","(1356, 660, 1612, 888)",11441.0,17393.0
862,14.366666666666667,"(705, 665, 937, 863)","(1360, 675, 1618, 906)",14872.0,15176.0
863,14.383333333333333,"(710, 653, 938, 860)","(1363, 683, 1620, 921)",14218.0,17420.0
864,14.4,"(710, 660, 940, 863)","(1366, 704, 1629, 931)",9643.0,15691.0
865,14.416666666666666,"(704, 651, 932, 859)","(1370, 718, 1633, 952)",10399.0,16806.0
866,14.433333333333334,"(699, 651, 931, 861)","(1371, 734, 1639, 970)",10059.0,13926.0
867,14.45,"(698, 657, 929, 850)","(1375, 752, 1640, 981)",9530.0,15926.0
868,14.466666666666667,"(698, 645, 931, 859)","(1374, 768, 1640, 1000)",8895.0,14155.0
869,14.483333333333333,"(700, 657, 933, 855)","(1373, 788, 1646, 1013)",10856.0,11589.0
870,14.5,"(702, 654, 928, 855)","(1374, 804, 1642, 1026)",8204.0,12989.0
871,14.516666666666667,"(700, 656, 933, 875)","(1371, 815, 1640, 1046)",12675.0,16431.0
872,14.533333333333333,"(696, 662, 929, 865)","(1367, 834, 1640, 1064)",14756.0,14337.0
873,14.55,"(701, 661, 931, 872)","(1362, 846, 1631, 1079)",13005.0,15944.0
874,14.566666666666666,"(707, 669, 940, 883)","(1356, 856, 1629, 1096)",13912.0,15697.0
875,14.583333333333334,"(703, 672, 934, 884)","(1349, 871, 1620, 1114)",11984.0,14739.0
876,14.6,"(706, 674, 936, 890)","(1344, 888, 1612, 1126)",12101.0,14086.0
877,14.616666666666667,"(709, 695, 939, 892)","(1336, 900, 1608, 1141)",11858.0,15461.0
878,14.633333333333333,"(716, 689, 941, 900)","(1322, 914, 1602, 1160)",15086.0,16342.0
879,14.65,"(724, 704, 956, 916)","(1310, 932, 1592, 1176)",15003.0,15089.0
880,14.666666666666666,"(728, 709, 954, 923)","(1300, 941, 1582, 1186)",14655.0,15599.0
881,14.683333333333334,"(730, 714, 965, 936)","(1289, 960, 1571, 1202)",15437.0,14486.0
882,14.7,"(734, 724, 966, 941)","(1273, 972, 1557, 1211)",16297.0,14499.0
883,14.716666666666667,"(739, 724, 975, 948)","(1260, 987, 1543, 1220)",15012.0,14801.0
884,14.733333333333333,"(750, 741, 985, 958)","(1249, 996, 1527, 1232)",15109.0,14041.0
885,14.75,"(756, 745, 990, 965)","(1232, 1007, 1510, 1244)",15038.0,13407.0
886,14.766666666666667,"(769, 753, 1007, 982)","(1210, 1014, 1488, 1259)",16524.0,13869.0
887,14.783333333333333,"(775, 768, 1009, 993)","(1192, 1018, 1471, 1262)",19204.0,14131.0
888,14.8,"(778, 767, 1012, 998)","(1173, 1032, 1451, 1271)",17311.0,12943.0
889,14.816666666666666,"(785, 784, 1026, 1011)","(1155, 1034, 1432, 1278)",15984.0,13417.0
890,14.833333333333334,"(793, 788, 1031, 1009)","(1134, 1035, 1416, 1282)",15198.0,14449.0
891,14.85,"(805, 797, 1044, 1025)","(1112, 1044, 1392, 1293)",16505.0,13911.0
892,14.866666666666667,"(810, 812, 1049, 1032)","(1089, 1050, 1377, 1296)",19541.0,13291.0
893,14.883333333333333,"(821, 809, 1055, 1041)","(1071, 1048, 1355, 1296)",18082.0,12076.0
894,14.9,"(827, 824, 1069, 1054)","(1050, 1057, 1337, 1299)",16729.0,12308.0
895,14.916666666666666,"(832, 829, 1075, 1058)","(1030, 1057, 1313, 1298)",16258.0,9677.0
896,14.933333333333334,"(840, 839, 1086, 1075)","(1009, 1058, 1284, 1297)",17593.0,11843.0
897,14.95,"(852, 855, 1094, 1081)","(987, 1055, 1263, 1293)",21721.0,14622.0
898,14.966666666666667,"(860, 853, 1100, 1087)","(964, 1048, 1233, 1288)",20937.0,13949.0
899,14.983333333333333,"(870, 854, 1114, 1092)","(936, 1046, 1201, 1312)",21046.0,20769.0
900,15.0,"(873, 842, 1112, 1076)","(910, 1069, 1184, 1313)",22419.0,15549.0
901,15.016666666666667,"(879, 837, 1122, 1074)","(891, 1081, 1180, 1324)",21063.0,14591.0
902,15.033333333333333,"(880, 831, 1125, 1053)","(881, 1096, 1156, 1336)",23310.0,15107.0
903,15.05,"(896, 822, 1137, 1050)","(861, 1100, 1128, 1344)",20434.0,14692.0
904,15.066666666666666,"(901, 824, 1146, 1042)","(838, 1097, 1109, 1344)",19716.0,12672.0
905,15.083333333333334,"(915, 815, 1155, 1048)","(821, 1099, 1096, 1342)",19671.0,13871.0
906,15.1,"(919, 826, 1165, 1040)","(807, 1100, 1089, 1339)",17771.0,10946.0
907,15.116666666666667,"(928, 814, 1174, 1049)","(797, 1101, 1073, 1334)",18981.0,12672.0
908,15.133333333333333,"(934, 824, 1178, 1037)","(782, 1100, 1057, 1333)",19125.0,8953.0
909,15.15,"(948, 813, 1188, 1040)","(773, 1093, 1043, 1323)",21578.0,11129.0
910,15.166666666666666,"(958, 823, 1204, 1032)","(768, 1085, 1040, 1323)",21224.0,9944.0
911,15.183333333333334,"(968, 810, 1206, 1035)","(752, 1075, 1025, 1319)",18590.0,12386.0
912,15.2,"(967, 818, 1215, 1037)","(738, 1075, 1014, 1314)",13807.0,11038.0
913,15.216666666666667,"(971, 806, 1217, 1033)","(724, 1066, 992, 1308)",18409.0,13639.0
914,15.233333333333333,"(973, 815, 1221, 1026)","(709, 1050, 981, 1295)",18234.0,15560.0
915,15.25,"(977, 810, 1221, 1024)","(696, 1033, 975, 1274)",20214.0,16757.0
916,15.266666666666667,"(989, 806, 1236, 1026)","(692, 1027, 965, 1255)",18635.0,16102.0
917,15.283333333333333,"(988, 801, 1232, 1025)","(686, 1016, 951, 1238)",13165.0,17228.0
918,15.3,"(991, 803, 1237, 1024)","(684, 995, 944, 1222)",15242.0,12037.0
919,15.316666666666666,"(990, 798, 1235, 1017)","(682, 970, 940, 1204)",17937.0,14053.0
920,15.333333333333334,"(1003, 798, 1246, 1014)","(684, 959, 942, 1187)",17675.0,13684.0
921,15.35,"(1001, 792, 1244, 1011)","(689, 953, 937, 1173)",17627.0,13958.0
922,15.366666666666667,"(1009, 794, 1251, 1009)","(691, 936, 932, 1168)",17151.0,9951.0
923,15.383333333333333,"(1010, 791, 1247, 1000)","(693, 913, 928, 1146)",14158.0,12389.0
924,15.4,"(1011, 785, 1254, 1006)","(695, 900, 941, 1136)",14788.0,12757.0
925,15.416666666666666,"(1005, 787, 1245, 995)","(704, 886, 942, 1128)",18564.0,11771.0
926,15.433333333333334,"(1012, 783, 1251, 996)","(711, 882, 945, 1120)",20427.0,11081.0
927,15.45,"(1011, 783, 1249, 991)","(714, 870, 950, 1105)",15356.0,12992.0
928,15.466666666666667,"(1012, 775, 1250, 1000)","(723, 858, 951, 1109)",15189.0,14118.0
929,15.483333333333333,"(1005, 780, 1246, 981)","(730, 845, 958, 1101)",17019.0,12818.0
930,15.5,"(1011, 773, 1248, 994)","(735, 839, 964, 1082)",15042.0,14231.0
931,15.516666666666667,"(995, 775, 1240, 987)","(742, 836, 978, 1081)",16458.0,16697.0
932,15.533333333333333,"(994, 766, 1238, 994)","(749, 833, 988, 1080)",17335.0,18382.0
933,15.55,"(987, 777, 1233, 977)","(753, 824, 994, 1077)",18059.0,17928.0
934,15.566666666666666,"(1001, 768, 1240, 982)","(760, 816, 998, 1071)",17092.0,19383.0
935,15.583333333333334,"(987, 776, 1231, 980)","(771, 811, 1010, 1068)",18424.0,20858.0
936,15.6,"(994, 766, 1240, 1001)","(765, 811, 1005, 1071)",22055.0,21459.0
937,15.616666666666667,"(1025, 776, 1270, 1021)","(734, 775, 984, 1026)",23097.0,22974.0
938,15.633333333333333,"(1058, 799, 1309, 1034)","(716, 771, 934, 1013)",26809.0,22315.0
939,15.65,"(1103, 804, 1337, 1050)","(678, 757, 913, 995)",26009.0,23242.0
940,15.666666666666666,"(1120, 809, 1367, 1047)","(646, 760, 880, 999)",21091.0,20720.0
941,15.683333333333334,"(1152, 825, 1395, 1056)","(622, 740, 862, 981)",25094.0,14932.0
942,15.7,"(1178, 833, 1429, 1073)","(584, 722, 822, 966)",23856.0,19062.0
943,15.716666666666667,"(1194, 831, 1457, 1079)","(580, 716, 800, 945)",27755.0,23138.0
944,15.733333333333333,"(1208, 847, 1463, 1104)","(549, 693, 783, 931)",33358.0,18104.0
945,15.75,"(1233, 864, 1473, 1120)","(541, 702, 769, 922)",34114.0,22429.0
946,15.766666666666667,"(1241, 862, 1479, 1122)","(527, 683, 755, 910)",31059.0,21213.0
947,15.783333333333333,"(1243, 870, 1485, 1122)","(515, 691, 747, 898)",25553.0,18914.0
948,15.8,"(1254, 889, 1504, 1126)","(516, 695, 741, 889)",23901.0,15370.0
949,15.816666666666666,"(1258, 882, 1514, 1130)","(501, 685, 735, 887)",24333.0,14953.0
950,15.833333333333334,"(1261, 886, 1517, 1131)","(508, 703, 743, 887)",26406.0,13657.0
951,15.85,"(1264, 903, 1514, 1145)","(511, 692, 742, 886)",28201.0,12139.0
952,15.866666666666667,"(1265, 903, 1513, 1159)","(513, 708, 750, 889)",22929.0,12071.0
953,15.883333333333333,"(1258, 902, 1510, 1152)","(528, 692, 767, 886)",21276.0,12732.0
954,15.9,"(1260, 915, 1496, 1146)","(539, 702, 768, 887)",16929.0,11207.0
955,15.916666666666666,"(1256, 935, 1499, 1146)","(554, 690, 784, 887)",15563.0,13062.0
956,15.933333333333334,"(1241, 931, 1505, 1155)","(570, 695, 776, 888)",17657.0,10484.0
957,15.95,"(1236, 939, 1492, 1160)","(583, 674, 798, 905)",17952.0,13325.0
958,15.966666666666667,"(1232, 960, 1498, 1154)","(587, 678, 793, 924)",17393.0,14973.0
959,15.983333333333333,"(1223, 957, 1495, 1160)","(595, 691, 816, 920)",16838.0,16689.0
960,16.0,"(1219, 962, 1483, 1161)","(596, 689, 816, 928)",14092.0,16775.0
961,16.016666666666666,"(1213, 965, 1480, 1158)","(601, 712, 833, 954)",14535.0,20151.0
962,16.033333333333335,"(1205, 953, 1470, 1161)","(607, 711, 843, 951)",18986.0,20014.0
963,16.05,"(1182, 956, 1455, 1163)","(608, 722, 843, 973)",18234.0,18813.0
964,16.066666666666666,"(1170, 962, 1438, 1162)","(628, 735, 866, 977)",16536.0,19543.0
965,16.083333333333332,"(1159, 956, 1434, 1159)","(634, 734, 867, 977)",15742.0,14394.0
966,16.1,"(1147, 953, 1417, 1156)","(636, 748, 877, 993)",14345.0,16550.0
967,16.116666666666667,"(1129, 951, 1390, 1146)","(660, 748, 891, 991)",14213.0,19378.0
968,16.133333333333333,"(1118, 934, 1379, 1134)","(662, 756, 894, 998)",14366.0,15816.0
969,16.15,"(1109, 926, 1370, 1126)","(679, 770, 913, 1020)",16131.0,14286.0
970,16.166666666666668,"(1090, 930, 1346, 1124)","(701, 765, 925, 1016)",14201.0,22521.0
971,16.183333333333334,"(1070, 918, 1321, 1114)","(704, 767, 937, 1026)",12150.0,23856.0
972,16.2,"(1055, 892, 1313, 1095)","(725, 790, 957, 1036)",11268.0,21169.0
973,16.216666666666665,"(1045, 883, 1291, 1088)","(747, 787, 962, 1035)",15236.0,18676.0
974,16.233333333333334,"(1005, 885, 1260, 1081)","(752, 792, 988, 1047)",15681.0,23976.0
975,16.25,"(989, 879, 1240, 1075)","(769, 809, 991, 1058)",13342.0,22884.0
976,16.266666666666666,"(994, 865, 1244, 1066)","(788, 804, 992, 1047)",12094.0,20262.0
977,16.283333333333335,"(988, 855, 1233, 1060)","(782, 798, 987, 1035)",12709.0,18059.0
978,16.3,"(992, 853, 1226, 1054)","(783, 804, 990, 1031)",10974.0,14097.0
979,16.316666666666666,"(988, 845, 1217, 1045)","(792, 835, 989, 1029)",12526.0,13168.0
980,16.333333333333332,"(993, 825, 1221, 1042)","(778, 839, 993, 1032)",14692.0,12214.0
981,16.35,"(998, 815, 1219, 1047)","(772, 838, 991, 1039)",16331.0,10461.0
982,16.366666666666667,"(1004, 814, 1207, 1047)","(759, 844, 990, 1034)",15823.0,10658.0
983,16.383333333333333,"(988, 815, 1216, 1054)","(762, 857, 994, 1035)",20648.0,9011.0
984,16.4,"(992, 820, 1225, 1068)","(756, 860, 993, 1034)",20298.0,8885.0
985,16.416666666666668,"(998, 813, 1232, 1071)","(752, 856, 989, 1039)",21612.0,9478.0
986,16.433333333333334,"(1001, 810, 1236, 1073)","(739, 852, 973, 1033)",19373.0,9608.0
987,16.45,"(994, 811, 1236, 1071)","(725, 851, 964, 1033)",16070.0,7776.0
988,16.466666666666665,"(991, 809, 1233, 1064)","(713, 852, 943, 1031)",17367.0,7873.0
989,16.483333333333334,"(989, 812, 1230, 1058)","(696, 854, 940, 1032)",16810.0,7485.0
990,16.5,"(989, 812, 1227, 1063)","(691, 853, 935, 1033)",14931.0,6339.0
991,16.516666666666666,"(990, 814, 1227, 1061)","(685, 849, 927, 1035)",16538.0,8153.0
992,16.533333333333335,"(992, 818, 1227, 1063)","(681, 854, 926, 1040)",17920.0,7603.0
993,16.55,"(1000, 816, 1225, 1059)","(676, 858, 917, 1041)",20490.0,6842.0
994,16.566666666666666,"(998, 812, 1222, 1065)","(676, 857, 909, 1043)",21038.0,3503.0
995,16.583333333333332,"(990, 808, 1213, 1062)","(677, 861, 906, 1042)",23778.0,4316.0
996,16.6,"(985, 808, 1202, 1066)","(676, 861, 907, 1044)",21623.0,2479.0
997,16.616666666666667,"(983, 810, 1191, 1057)","(674, 860, 907, 1044)",18163.0,2759.0
998,16.633333333333333,"(978, 816, 1190, 1052)","(673, 860, 907, 1044)",16608.0,761.0
999,16.65,"(975, 820, 1187, 1051)","(673, 860, 907, 1044)",15417.0,11.0
1000,16.666666666666668,"(972, 843, 1185, 1047)","(675, 861, 909, 1044)",14345.0,2856.0
1001,16.683333333333334,"(971, 853, 1191, 1048)","(676, 861, 910, 1044)",10532.0,1683.0
1002,16.7,"(967, 863, 1198, 1048)","(680, 861, 910, 1042)",11087.0,4779.0
1003,16.716666666666665,"(966, 865, 1202, 1049)","(687, 860, 913, 1042)",8321.0,5609.0
1004,16.733333333333334,"(960, 864, 1205, 1054)","(691, 859, 913, 1044)",8572.0,5471.0
1005,16.75,"(963, 865, 1210, 1059)","(693, 858, 914, 1046)",7584.0,4299.0
1006,16.766666666666666,"(958, 870, 1204, 1059)","(692, 858, 915, 1046)",6566.0,2363.0
1007,16.783333333333335,"(963, 871, 1201, 1059)","(700, 860, 923, 1047)",5930.0,6179.0
1008,16.8,"(967, 869, 1192, 1060)","(708, 861, 930, 1046)",6514.0,5451.0
1009,16.816666666666666,"(968, 864, 1185, 1057)","(716, 860, 933, 1047)",6030.0,5911.0
1010,16.833333333333332,"(966, 857, 1185, 1056)","(720, 859, 939, 1048)",4994.0,6443.0
1011,16.85,"(962, 850, 1185, 1056)","(730, 857, 943, 1050)",5019.0,7621.0
1012,16.866666666666667,"(960, 842, 1181, 1049)","(738, 859, 954, 1055)",5853.0,7970.0
1013,16.883333333333333,"(958, 836, 1181, 1048)","(739, 861, 959, 1063)",4314.0,5952.0
1014,16.9,"(956, 832, 1182, 1049)","(743, 860, 958, 1068)",4646.0,8127.0
1015,16.916666666666668,"(958, 826, 1183, 1047)","(750, 864, 969, 1072)",5345.0,8960.0
1016,16.933333333333334,"(957, 822, 1182, 1044)","(753, 864, 970, 1079)",5005.0,8503.0
1017,16.95,"(958, 820, 1182, 1042)","(755, 861, 972, 1081)",4566.0,8587.0
1018,16.966666666666665,"(956, 818, 1183, 1041)","(757, 862, 972, 1091)",4186.0,9062.0
1019,16.983333333333334,"(955, 818, 1182, 1041)","(757, 863, 974, 1095)",2794.0,6385.0
1020,17.0,"(953, 818, 1181, 1040)","(758, 866, 971, 1094)",4561.0,4479.0
1021,17.016666666666666,"(952, 818, 1181, 1038)","(759, 866, 971, 1094)",1087.0,1442.0
1022,17.033333333333335,"(951, 817, 1180, 1038)","(761, 865, 972, 1096)",2436.0,6042.0
1023,17.05,"(949, 818, 1178, 1038)","(762, 864, 975, 1094)",4311.0,6334.0
1024,17.066666666666666,"(949, 818, 1178, 1037)","(764, 864, 975, 1093)",259.0,3811.0
1025,17.083333333333332,"(950, 818, 1178, 1038)","(765, 864, 974, 1093)",1269.0,2052.0
1026,17.1,"(951, 818, 1179, 1039)","(765, 863, 974, 1092)",1286.0,1545.0
1027,17.116666666666667,"(952, 818, 1180, 1039)","(763, 863, 974, 1092)",967.0,2663.0
1028,17.133333333333333,"(953, 818, 1181, 1041)","(761, 862, 981, 1093)",3558.0,4558.0
1029,17.15,"(955, 818, 1182, 1043)","(760, 867, 976, 1092)",5046.0,5608.0
1030,17.166666666666668,"(956, 818, 1182, 1043)","(758, 868, 977, 1092)",1714.0,3550.0
1031,17.183333333333334,"(958, 818, 1182, 1046)","(758, 868, 978, 1091)",3579.0,2050.0
1032,17.2,"(960, 819, 1180, 1048)","(759, 867, 981, 1092)",5858.0,3311.0
1033,17.216666666666665,"(960, 819, 1181, 1051)","(758, 868, 978, 1092)",4701.0,1780.0
1034,17.233333333333334,"(961, 821, 1183, 1055)","(759, 868, 976, 1093)",5891.0,2037.0
1035,17.25,"(966, 822, 1179, 1056)","(759, 868, 980, 1093)",7204.0,2505.0
1036,17.266666666666666,"(967, 825, 1179, 1059)","(759, 868, 982, 1093)",5480.0,1253.0
1037,17.283333333333335,"(964, 825, 1183, 1065)","(760, 869, 980, 1094)",6854.0,4425.0
1038,17.3,"(965, 826, 1183, 1065)","(760, 869, 983, 1095)",4458.0,1690.0
1039,17.316666666666666,"(965, 830, 1183, 1069)","(761, 870, 983, 1096)",3137.0,2440.0
1040,17.333333333333332,"(965, 833, 1183, 1071)","(760, 871, 984, 1102)",3337.0,4385.0
1041,17.35,"(965, 835, 1184, 1070)","(763, 873, 985, 1105)",3584.0,8729.0
1042,17.366666666666667,"(967, 835, 1182, 1071)","(766, 873, 986, 1113)",3369.0,9439.0
1043,17.383333333333333,"(964, 838, 1185, 1074)","(767, 874, 985, 1115)",6314.0,7518.0
1044,17.4,"(964, 839, 1185, 1074)","(767, 874, 984, 1118)",1514.0,3917.0
1045,17.416666666666668,"(965, 839, 1185, 1075)","(767, 874, 984, 1119)",868.0,2567.0
1046,17.433333333333334,"(965, 839, 1185, 1074)","(767, 874, 985, 1119)",935.0,1331.0
1047,17.45,"(964, 839, 1185, 1074)","(768, 874, 985, 1121)",527.0,2286.0
1048,17.466666666666665,"(964, 838, 1185, 1074)","(768, 875, 983, 1121)",2179.0,1075.0
1049,17.483333333333334,"(967, 836, 1182, 1071)","(768, 875, 983, 1121)",5562.0,2546.0
1050,17.5,"(967, 836, 1184, 1072)","(768, 875, 984, 1121)",2110.0,434.0
1051,17.516666666666666,"(966, 834, 1181, 1069)","(768, 874, 984, 1121)",4186.0,1559.0
1052,17.533333333333335,"(965, 832, 1181, 1066)","(769, 874, 988, 1120)",5658.0,2342.0
1053,17.55,"(964, 829, 1181, 1065)","(769, 874, 989, 1119)",3698.0,2032.0
1054,17.566666666666666,"(963, 827, 1181, 1062)","(768, 874, 987, 1119)",5228.0,3536.0
1055,17.583333333333332,"(962, 826, 1182, 1060)","(768, 874, 986, 1116)",4147.0,4775.0
1056,17.6,"(959, 825, 1183, 1056)","(768, 874, 985, 1115)",6391.0,5544.0
1057,17.616666666666667,"(959, 824, 1184, 1054)","(767, 873, 984, 1111)",3613.0,6121.0
1058,17.633333333333333,"(959, 825, 1183, 1051)","(764, 873, 984, 1104)",3263.0,7691.0
1059,17.65,"(960, 824, 1183, 1047)","(762, 872, 984, 1103)",3127.0,5722.0
1060,17.666666666666668,"(958, 823, 1182, 1045)","(762, 869, 979, 1099)",5485.0,4821.0
1061,17.683333333333334,"(958, 822, 1182, 1045)","(761, 869, 979, 1096)",811.0,1837.0
1062,17.7,"(956, 822, 1182, 1045)","(761, 868, 977, 1096)",2785.0,2311.0
1063,17.716666666666665,"(956, 821, 1182, 1045)","(761, 868, 977, 1096)",678.0,0.0
